InicioPeriodo,FimPeriodo,Segmento,Modalidade,Posicao,InstituicaoFinanceira,TaxaJurosAoMes,TaxaJurosAoAno,cnpj8
2024-09-23,2024-09-27,PESSOA FÍSICA,Aquisição de veículos - Pré-fixado,1,BMW FINANCEIRA S.A. - CFI,0.65,8.07,04452473
2024-09-23,2024-09-27,PESSOA FÍSICA,Aquisição de veículos - Pré-fixado,2,BCO MERCEDES-BENZ S.A.,0.74,9.22,60814191
2024-09-23,2024-09-27,PESSOA FÍSICA,Aquisição de veículos - Pré-fixado,3,BCO GM S.A.,0.95,12.02,59274605
2024-09-23,2024-09-27,PESSOA FÍSICA,Aquisição de veículos - Pré-fixado,4,STELLANTIS FINANCIAMENTOS CFI,1.06,13.48,03502961
2024-09-23,2024-09-27,PESSOA FÍSICA,Aquisição de veículos - Pré-fixado,5,BCO DA AMAZONIA S.A.,1.1,14.0,04902979
2024-09-23,2024-09-27,PESSOA FÍSICA,Aquisição de veículos - Pré-fixado,6,BCO RCI BRASIL S.A.,1.14,14.53,62307848
2024-09-23,2024-09-27,PESSOA FÍSICA,Aquisição de veículos - Pré-fixado,7,BANCO CNH INDUSTRIAL CAPITAL S.A,1.14,14.57,02992446
2024-09-23,2024-09-27,PESSOA FÍSICA,Aquisição de veículos - Pré-fixado,8,SCANIA BCO S.A.,1.18,15.11,11417016
2024-09-23,2024-09-27,PESSOA FÍSICA,Aquisição de veículos - Pré-fixado,9,BANCO HYUNDAI CAPITAL BRASIL,1.21,15.47,30172491
2024-09-23,2024-09-27,PESSOA FÍSICA,Aquisição de veículos - Pré-fixado,10,BCO VOLVO BRASIL S.A.,1.22,15.6,58017179
2024-09-23,2024-09-27,PESSOA FÍSICA,Aquisição de veículos - Pré-fixado,11,BCO VOLKSWAGEN S.A,1.28,16.53,59109165
2024-09-23,2024-09-27,PESSOA FÍSICA,Aquisição de veículos - Pré-fixado,12,BANCO INTER,1.32,16.97,00416968
2024-09-23,2024-09-27,PESSOA FÍSICA,Aquisição de veículos - Pré-fixado,13,BRB - CFI S/A,1.5,19.62,33136888
2024-09-23,2024-09-27,PESSOA FÍSICA,Aquisição de veículos - Pré-fixado,14,BCO SAFRA S.A.,1.56,20.43,58160789
2024-09-23,2024-09-27,PESSOA FÍSICA,Aquisição de veículos - Pré-fixado,15,BCO BRADESCO S.A.,1.56,20.45,60746948
2024-09-23,2024-09-27,PESSOA FÍSICA,Aquisição de veículos - Pré-fixado,16,BCO RODOBENS S.A.,1.56,20.46,33603457
2024-09-23,2024-09-27,PESSOA FÍSICA,Aquisição de veículos - Pré-fixado,17,BANCO MONEO S.A.,1.57,20.55,07441209
2024-09-23,2024-09-27,PESSOA FÍSICA,Aquisição de veículos - Pré-fixado,18,BCO. J.SAFRA S.A.,1.6,21.0,03017677
2024-09-23,2024-09-27,PESSOA FÍSICA,Aquisição de veículos - Pré-fixado,19,BCO BANESTES S.A.,1.61,21.13,28127603
2024-09-23,2024-09-27,PESSOA FÍSICA,Aquisição de veículos - Pré-fixado,20,BCO TOYOTA DO BRASIL S.A.,1.65,21.62,03215790
2024-09-23,2024-09-27,PESSOA FÍSICA,Aquisição de veículos - Pré-fixado,21,FINANC ALFA S.A. CFI,1.65,21.72,17167412
2024-09-23,2024-09-27,PESSOA FÍSICA,Aquisição de veículos - Pré-fixado,22,BCO BRASILEIRO DE CRÉDITO S.A.,1.68,22.1,01852137
2024-09-23,2024-09-27,PESSOA FÍSICA,Aquisição de veículos - Pré-fixado,23,SAFRA CFI S.A.,1.73,22.82,45437547
2024-09-23,2024-09-27,PESSOA FÍSICA,Aquisição de veículos - Pré-fixado,24,BCO SANTANDER (BRASIL) S.A.,1.78,23.53,90400888
2024-09-23,2024-09-27,PESSOA FÍSICA,Aquisição de veículos - Pré-fixado,25,PORTOSEG S.A. CFI,1.81,23.98,04862600
2024-09-23,2024-09-27,PESSOA FÍSICA,Aquisição de veículos - Pré-fixado,26,BCO DO BRASIL S.A.,1.84,24.41,00000000
2024-09-23,2024-09-27,PESSOA FÍSICA,Aquisição de veículos - Pré-fixado,27,CAIXA ECONOMICA FEDERAL,1.84,24.51,00360305
2024-09-23,2024-09-27,PESSOA FÍSICA,Aquisição de veículos - Pré-fixado,28,BCO C6 S.A.,1.86,24.79,31872495
2024-09-23,2024-09-27,PESSOA FÍSICA,Aquisição de veículos - Pré-fixado,29,AYMORÉ CFI S.A.,1.9,25.34,07707650
2024-09-23,2024-09-27,PESSOA FÍSICA,Aquisição de veículos - Pré-fixado,30,BCO BRADESCO FINANC. S.A.,1.9,25.4,07207996
2024-09-23,2024-09-27,PESSOA FÍSICA,Aquisição de veículos - Pré-fixado,31,ITAÚ UNIBANCO HOLDING S.A.,1.91,25.52,60872504
2024-09-23,2024-09-27,PESSOA FÍSICA,Aquisição de veículos - Pré-fixado,32,SINOSSERRA S/A - SCFI,1.95,26.12,22639377
2024-09-23,2024-09-27,PESSOA FÍSICA,Aquisição de veículos - Pré-fixado,33,BANCO BTG PACTUAL S.A.,2.12,28.63,30306294
2024-09-23,2024-09-27,PESSOA FÍSICA,Aquisição de veículos - Pré-fixado,34,BCO VOTORANTIM S.A.,2.15,29.12,59588111
2024-09-23,2024-09-27,PESSOA FÍSICA,Aquisição de veículos - Pré-fixado,35,BCO HONDA S.A.,2.17,29.39,03634220
2024-09-23,2024-09-27,PESSOA FÍSICA,Aquisição de veículos - Pré-fixado,36,BCO DO ESTADO DO RS S.A.,2.43,33.4,92702067
2024-09-23,2024-09-27,PESSOA FÍSICA,Aquisição de veículos - Pré-fixado,37,BCO YAMAHA MOTOR S.A.,2.51,34.68,10371492
2024-09-23,2024-09-27,PESSOA FÍSICA,Aquisição de veículos - Pré-fixado,38,BCO DIGIMAIS S.A.,2.6,36.01,92874270
2024-09-23,2024-09-27,PESSOA FÍSICA,Aquisição de veículos - Pré-fixado,39,FINAMAX S.A. CFI,2.88,40.53,00411939
2024-09-23,2024-09-27,PESSOA FÍSICA,Aquisição de veículos - Pré-fixado,40,SIMPALA S.A. CFI,2.9,40.97,34991938
2024-09-23,2024-09-27,PESSOA FÍSICA,Aquisição de veículos - Pré-fixado,41,BCO DAYCOVAL S.A,2.98,42.32,62232889
2024-09-23,2024-09-27,PESSOA FÍSICA,Aquisição de veículos - Pré-fixado,42,BANCO PAN,3.0,42.58,59285411
2024-09-23,2024-09-27,PESSOA FÍSICA,Aquisição de veículos - Pré-fixado,43,OMNI SA CFI,3.28,47.26,92228410
2024-09-20,2024-09-26,PESSOA FÍSICA,Aquisição de veículos - Pré-fixado,1,BMW FINANCEIRA S.A. - CFI,0.63,7.8,04452473
2024-09-20,2024-09-26,PESSOA FÍSICA,Aquisição de veículos - Pré-fixado,2,BCO MERCEDES-BENZ S.A.,0.77,9.7,60814191
2024-09-20,2024-09-26,PESSOA FÍSICA,Aquisição de veículos - Pré-fixado,3,BCO GM S.A.,0.96,12.09,59274605
2024-09-20,2024-09-26,PESSOA FÍSICA,Aquisição de veículos - Pré-fixado,4,STELLANTIS FINANCIAMENTOS CFI,1.07,13.61,03502961
2024-09-20,2024-09-26,PESSOA FÍSICA,Aquisição de veículos - Pré-fixado,5,BCO DA AMAZONIA S.A.,1.1,13.96,04902979
2024-09-20,2024-09-26,PESSOA FÍSICA,Aquisição de veículos - Pré-fixado,6,BANCO CNH INDUSTRIAL CAPITAL S.A,1.11,14.2,02992446
2024-09-20,2024-09-26,PESSOA FÍSICA,Aquisição de veículos - Pré-fixado,7,BCO RCI BRASIL S.A.,1.16,14.79,62307848
2024-09-20,2024-09-26,PESSOA FÍSICA,Aquisição de veículos - Pré-fixado,8,SCANIA BCO S.A.,1.18,15.11,11417016
2024-09-20,2024-09-26,PESSOA FÍSICA,Aquisição de veículos - Pré-fixado,9,BCO VOLVO BRASIL S.A.,1.22,15.6,58017179
2024-09-20,2024-09-26,PESSOA FÍSICA,Aquisição de veículos - Pré-fixado,10,BANCO HYUNDAI CAPITAL BRASIL,1.27,16.28,30172491
2024-09-20,2024-09-26,PESSOA FÍSICA,Aquisição de veículos - Pré-fixado,11,BCO PACCAR S.A.,1.27,16.34,28517628
2024-09-20,2024-09-26,PESSOA FÍSICA,Aquisição de veículos - Pré-fixado,12,BCO VOLKSWAGEN S.A,1.29,16.69,59109165
2024-09-20,2024-09-26,PESSOA FÍSICA,Aquisição de veículos - Pré-fixado,13,BANCO INTER,1.37,17.77,00416968
2024-09-20,2024-09-26,PESSOA FÍSICA,Aquisição de veículos - Pré-fixado,14,BRB - CFI S/A,1.5,19.62,33136888
2024-09-20,2024-09-26,PESSOA FÍSICA,Aquisição de veículos - Pré-fixado,15,BCO RODOBENS S.A.,1.54,20.13,33603457
2024-09-20,2024-09-26,PESSOA FÍSICA,Aquisição de veículos - Pré-fixado,16,BCO BRADESCO S.A.,1.57,20.5,60746948
2024-09-20,2024-09-26,PESSOA FÍSICA,Aquisição de veículos - Pré-fixado,17,BANCO MONEO S.A.,1.57,20.55,07441209
2024-09-20,2024-09-26,PESSOA FÍSICA,Aquisição de veículos - Pré-fixado,18,BCO SAFRA S.A.,1.58,20.74,58160789
2024-09-20,2024-09-26,PESSOA FÍSICA,Aquisição de veículos - Pré-fixado,19,BCO. J.SAFRA S.A.,1.6,21.0,03017677
2024-09-20,2024-09-26,PESSOA FÍSICA,Aquisição de veículos - Pré-fixado,20,BCO TOYOTA DO BRASIL S.A.,1.66,21.87,03215790
2024-09-20,2024-09-26,PESSOA FÍSICA,Aquisição de veículos - Pré-fixado,21,FINANC ALFA S.A. CFI,1.68,22.09,17167412
2024-09-20,2024-09-26,PESSOA FÍSICA,Aquisição de veículos - Pré-fixado,22,BCO BRASILEIRO DE CRÉDITO S.A.,1.69,22.21,01852137
2024-09-20,2024-09-26,PESSOA FÍSICA,Aquisição de veículos - Pré-fixado,23,CAIXA ECONOMICA FEDERAL,1.71,22.58,00360305
2024-09-20,2024-09-26,PESSOA FÍSICA,Aquisição de veículos - Pré-fixado,24,SAFRA CFI S.A.,1.73,22.8,45437547
2024-09-20,2024-09-26,PESSOA FÍSICA,Aquisição de veículos - Pré-fixado,25,BCO BANESTES S.A.,1.74,22.99,28127603
2024-09-20,2024-09-26,PESSOA FÍSICA,Aquisição de veículos - Pré-fixado,26,BCO DO BRASIL S.A.,1.79,23.73,00000000
2024-09-20,2024-09-26,PESSOA FÍSICA,Aquisição de veículos - Pré-fixado,27,BCO SANTANDER (BRASIL) S.A.,1.79,23.75,90400888
2024-09-20,2024-09-26,PESSOA FÍSICA,Aquisição de veículos - Pré-fixado,28,PORTOSEG S.A. CFI,1.82,24.2,04862600
2024-09-20,2024-09-26,PESSOA FÍSICA,Aquisição de veículos - Pré-fixado,29,BCO C6 S.A.,1.87,24.86,31872495
2024-09-20,2024-09-26,PESSOA FÍSICA,Aquisição de veículos - Pré-fixado,30,AYMORÉ CFI S.A.,1.91,25.44,07707650
2024-09-20,2024-09-26,PESSOA FÍSICA,Aquisição de veículos - Pré-fixado,31,BCO BRADESCO FINANC. S.A.,1.91,25.49,07207996
2024-09-20,2024-09-26,PESSOA FÍSICA,Aquisição de veículos - Pré-fixado,32,ITAÚ UNIBANCO HOLDING S.A.,1.92,25.56,60872504
2024-09-20,2024-09-26,PESSOA FÍSICA,Aquisição de veículos - Pré-fixado,33,SINOSSERRA S/A - SCFI,1.96,26.24,22639377
2024-09-20,2024-09-26,PESSOA FÍSICA,Aquisição de veículos - Pré-fixado,34,BANCO BTG PACTUAL S.A.,1.98,26.51,30306294
2024-09-20,2024-09-26,PESSOA FÍSICA,Aquisição de veículos - Pré-fixado,35,BCO VOTORANTIM S.A.,2.14,28.9,59588111
2024-09-20,2024-09-26,PESSOA FÍSICA,Aquisição de veículos - Pré-fixado,36,BCO HONDA S.A.,2.17,29.35,03634220
2024-09-20,2024-09-26,PESSOA FÍSICA,Aquisição de veículos - Pré-fixado,37,BCO DO ESTADO DO RS S.A.,2.43,33.4,92702067
2024-09-20,2024-09-26,PESSOA FÍSICA,Aquisição de veículos - Pré-fixado,38,BCO YAMAHA MOTOR S.A.,2.5,34.48,10371492
2024-09-20,2024-09-26,PESSOA FÍSICA,Aquisição de veículos - Pré-fixado,39,BCO DIGIMAIS S.A.,2.59,35.96,92874270
2024-09-20,2024-09-26,PESSOA FÍSICA,Aquisição de veículos - Pré-fixado,40,SIMPALA S.A. CFI,2.89,40.74,34991938
2024-09-20,2024-09-26,PESSOA FÍSICA,Aquisição de veículos - Pré-fixado,41,FINAMAX S.A. CFI,2.92,41.29,00411939
2024-09-20,2024-09-26,PESSOA FÍSICA,Aquisição de veículos - Pré-fixado,42,BCO DAYCOVAL S.A,2.99,42.39,62232889
2024-09-20,2024-09-26,PESSOA FÍSICA,Aquisição de veículos - Pré-fixado,43,BANCO PAN,3.01,42.67,59285411
2024-09-20,2024-09-26,PESSOA FÍSICA,Aquisição de veículos - Pré-fixado,44,OMNI SA CFI,3.29,47.54,92228410
2024-09-19,2024-09-25,PESSOA FÍSICA,Aquisição de veículos - Pré-fixado,1,BMW FINANCEIRA S.A. - CFI,0.58,7.12,04452473
2024-09-19,2024-09-25,PESSOA FÍSICA,Aquisição de veículos - Pré-fixado,2,BCO MERCEDES-BENZ S.A.,0.81,10.14,60814191
2024-09-19,2024-09-25,PESSOA FÍSICA,Aquisição de veículos - Pré-fixado,3,BCO GM S.A.,0.96,12.18,59274605
2024-09-19,2024-09-25,PESSOA FÍSICA,Aquisição de veículos - Pré-fixado,4,STELLANTIS FINANCIAMENTOS CFI,1.08,13.76,03502961
2024-09-19,2024-09-25,PESSOA FÍSICA,Aquisição de veículos - Pré-fixado,5,BCO DA AMAZONIA S.A.,1.09,13.82,04902979
2024-09-19,2024-09-25,PESSOA FÍSICA,Aquisição de veículos - Pré-fixado,6,BANCO CNH INDUSTRIAL CAPITAL S.A,1.14,14.58,02992446
2024-09-19,2024-09-25,PESSOA FÍSICA,Aquisição de veículos - Pré-fixado,7,BCO RCI BRASIL S.A.,1.14,14.62,62307848
2024-09-19,2024-09-25,PESSOA FÍSICA,Aquisição de veículos - Pré-fixado,8,SCANIA BCO S.A.,1.27,16.33,11417016
2024-09-19,2024-09-25,PESSOA FÍSICA,Aquisição de veículos - Pré-fixado,9,BCO PACCAR S.A.,1.27,16.34,28517628
2024-09-19,2024-09-25,PESSOA FÍSICA,Aquisição de veículos - Pré-fixado,10,BCO VOLKSWAGEN S.A,1.31,16.91,59109165
2024-09-19,2024-09-25,PESSOA FÍSICA,Aquisição de veículos - Pré-fixado,11,BANCO HYUNDAI CAPITAL BRASIL,1.37,17.66,30172491
2024-09-19,2024-09-25,PESSOA FÍSICA,Aquisição de veículos - Pré-fixado,12,BANCO INTER,1.37,17.74,00416968
2024-09-19,2024-09-25,PESSOA FÍSICA,Aquisição de veículos - Pré-fixado,13,BCO VOLVO BRASIL S.A.,1.38,17.85,58017179
2024-09-19,2024-09-25,PESSOA FÍSICA,Aquisição de veículos - Pré-fixado,14,BANCO MONEO S.A.,1.5,19.58,07441209
2024-09-19,2024-09-25,PESSOA FÍSICA,Aquisição de veículos - Pré-fixado,15,BRB - CFI S/A,1.5,19.62,33136888
2024-09-19,2024-09-25,PESSOA FÍSICA,Aquisição de veículos - Pré-fixado,16,BCO RODOBENS S.A.,1.56,20.47,33603457
2024-09-19,2024-09-25,PESSOA FÍSICA,Aquisição de veículos - Pré-fixado,17,BCO BRADESCO S.A.,1.57,20.51,60746948
2024-09-19,2024-09-25,PESSOA FÍSICA,Aquisição de veículos - Pré-fixado,18,BCO SAFRA S.A.,1.61,21.06,58160789
2024-09-19,2024-09-25,PESSOA FÍSICA,Aquisição de veículos - Pré-fixado,19,BCO. J.SAFRA S.A.,1.61,21.06,03017677
2024-09-19,2024-09-25,PESSOA FÍSICA,Aquisição de veículos - Pré-fixado,20,FINANC ALFA S.A. CFI,1.66,21.89,17167412
2024-09-19,2024-09-25,PESSOA FÍSICA,Aquisição de veículos - Pré-fixado,21,BCO TOYOTA DO BRASIL S.A.,1.67,21.93,03215790
2024-09-19,2024-09-25,PESSOA FÍSICA,Aquisição de veículos - Pré-fixado,22,SAFRA CFI S.A.,1.73,22.8,45437547
2024-09-19,2024-09-25,PESSOA FÍSICA,Aquisição de veículos - Pré-fixado,23,BCO BANESTES S.A.,1.76,23.26,28127603
2024-09-19,2024-09-25,PESSOA FÍSICA,Aquisição de veículos - Pré-fixado,24,BCO BRASILEIRO DE CRÉDITO S.A.,1.77,23.46,01852137
2024-09-19,2024-09-25,PESSOA FÍSICA,Aquisição de veículos - Pré-fixado,25,BCO DO BRASIL S.A.,1.79,23.68,00000000
2024-09-19,2024-09-25,PESSOA FÍSICA,Aquisição de veículos - Pré-fixado,26,BCO SANTANDER (BRASIL) S.A.,1.8,23.86,90400888
2024-09-19,2024-09-25,PESSOA FÍSICA,Aquisição de veículos - Pré-fixado,27,CAIXA ECONOMICA FEDERAL,1.83,24.32,00360305
2024-09-19,2024-09-25,PESSOA FÍSICA,Aquisição de veículos - Pré-fixado,28,PORTOSEG S.A. CFI,1.85,24.58,04862600
2024-09-19,2024-09-25,PESSOA FÍSICA,Aquisição de veículos - Pré-fixado,29,BCO C6 S.A.,1.86,24.78,31872495
2024-09-19,2024-09-25,PESSOA FÍSICA,Aquisição de veículos - Pré-fixado,30,AYMORÉ CFI S.A.,1.91,25.51,07707650
2024-09-19,2024-09-25,PESSOA FÍSICA,Aquisição de veículos - Pré-fixado,31,BANCO BTG PACTUAL S.A.,1.91,25.55,30306294
2024-09-19,2024-09-25,PESSOA FÍSICA,Aquisição de veículos - Pré-fixado,32,ITAÚ UNIBANCO HOLDING S.A.,1.92,25.62,60872504
2024-09-19,2024-09-25,PESSOA FÍSICA,Aquisição de veículos - Pré-fixado,33,BCO BRADESCO FINANC. S.A.,1.92,25.67,07207996
2024-09-19,2024-09-25,PESSOA FÍSICA,Aquisição de veículos - Pré-fixado,34,SINOSSERRA S/A - SCFI,2.02,27.1,22639377
2024-09-19,2024-09-25,PESSOA FÍSICA,Aquisição de veículos - Pré-fixado,35,BCO VOTORANTIM S.A.,2.13,28.71,59588111
2024-09-19,2024-09-25,PESSOA FÍSICA,Aquisição de veículos - Pré-fixado,36,BCO HONDA S.A.,2.17,29.31,03634220
2024-09-19,2024-09-25,PESSOA FÍSICA,Aquisição de veículos - Pré-fixado,37,BCO DO ESTADO DO RS S.A.,2.43,33.45,92702067
2024-09-19,2024-09-25,PESSOA FÍSICA,Aquisição de veículos - Pré-fixado,38,BCO YAMAHA MOTOR S.A.,2.5,34.53,10371492
2024-09-19,2024-09-25,PESSOA FÍSICA,Aquisição de veículos - Pré-fixado,39,BCO DIGIMAIS S.A.,2.61,36.16,92874270
2024-09-19,2024-09-25,PESSOA FÍSICA,Aquisição de veículos - Pré-fixado,40,SIMPALA S.A. CFI,2.85,40.11,34991938
2024-09-19,2024-09-25,PESSOA FÍSICA,Aquisição de veículos - Pré-fixado,41,FINAMAX S.A. CFI,2.91,41.04,00411939
2024-09-19,2024-09-25,PESSOA FÍSICA,Aquisição de veículos - Pré-fixado,42,BCO DAYCOVAL S.A,3.0,42.55,62232889
2024-09-19,2024-09-25,PESSOA FÍSICA,Aquisição de veículos - Pré-fixado,43,BANCO PAN,3.01,42.68,59285411
2024-09-19,2024-09-25,PESSOA FÍSICA,Aquisição de veículos - Pré-fixado,44,OMNI SA CFI,3.29,47.48,92228410
2024-09-18,2024-09-24,PESSOA FÍSICA,Aquisição de veículos - Pré-fixado,1,BMW FINANCEIRA S.A. - CFI,0.59,7.34,04452473
2024-09-18,2024-09-24,PESSOA FÍSICA,Aquisição de veículos - Pré-fixado,2,BCO MERCEDES-BENZ S.A.,0.81,10.11,60814191
2024-09-18,2024-09-24,PESSOA FÍSICA,Aquisição de veículos - Pré-fixado,3,BCO GM S.A.,0.95,12.03,59274605
2024-09-18,2024-09-24,PESSOA FÍSICA,Aquisição de veículos - Pré-fixado,4,STELLANTIS FINANCIAMENTOS CFI,1.08,13.78,03502961
2024-09-18,2024-09-24,PESSOA FÍSICA,Aquisição de veículos - Pré-fixado,5,BCO DA AMAZONIA S.A.,1.09,13.84,04902979
2024-09-18,2024-09-24,PESSOA FÍSICA,Aquisição de veículos - Pré-fixado,6,BANCO CNH INDUSTRIAL CAPITAL S.A,1.13,14.48,02992446
2024-09-18,2024-09-24,PESSOA FÍSICA,Aquisição de veículos - Pré-fixado,7,BCO RCI BRASIL S.A.,1.16,14.89,62307848
2024-09-18,2024-09-24,PESSOA FÍSICA,Aquisição de veículos - Pré-fixado,8,SCANIA BCO S.A.,1.24,15.88,11417016
2024-09-18,2024-09-24,PESSOA FÍSICA,Aquisição de veículos - Pré-fixado,9,BCO PACCAR S.A.,1.27,16.34,28517628
2024-09-18,2024-09-24,PESSOA FÍSICA,Aquisição de veículos - Pré-fixado,10,BCO VOLKSWAGEN S.A,1.32,17.01,59109165
2024-09-18,2024-09-24,PESSOA FÍSICA,Aquisição de veículos - Pré-fixado,11,BANCO INTER,1.37,17.74,00416968
2024-09-18,2024-09-24,PESSOA FÍSICA,Aquisição de veículos - Pré-fixado,12,BCO VOLVO BRASIL S.A.,1.38,17.9,58017179
2024-09-18,2024-09-24,PESSOA FÍSICA,Aquisição de veículos - Pré-fixado,13,BANCO HYUNDAI CAPITAL BRASIL,1.44,18.68,30172491
2024-09-18,2024-09-24,PESSOA FÍSICA,Aquisição de veículos - Pré-fixado,14,BRB - CFI S/A,1.53,19.99,33136888
2024-09-18,2024-09-24,PESSOA FÍSICA,Aquisição de veículos - Pré-fixado,15,BCO RODOBENS S.A.,1.56,20.46,33603457
2024-09-18,2024-09-24,PESSOA FÍSICA,Aquisição de veículos - Pré-fixado,16,BCO BRADESCO S.A.,1.56,20.48,60746948
2024-09-18,2024-09-24,PESSOA FÍSICA,Aquisição de veículos - Pré-fixado,17,BCO. J.SAFRA S.A.,1.61,21.06,03017677
2024-09-18,2024-09-24,PESSOA FÍSICA,Aquisição de veículos - Pré-fixado,18,BCO SAFRA S.A.,1.64,21.5,58160789
2024-09-18,2024-09-24,PESSOA FÍSICA,Aquisição de veículos - Pré-fixado,19,BANCO MONEO S.A.,1.64,21.53,07441209
2024-09-18,2024-09-24,PESSOA FÍSICA,Aquisição de veículos - Pré-fixado,20,FINANC ALFA S.A. CFI,1.65,21.66,17167412
2024-09-18,2024-09-24,PESSOA FÍSICA,Aquisição de veículos - Pré-fixado,21,BCO TOYOTA DO BRASIL S.A.,1.68,22.06,03215790
2024-09-18,2024-09-24,PESSOA FÍSICA,Aquisição de veículos - Pré-fixado,22,SAFRA CFI S.A.,1.73,22.81,45437547
2024-09-18,2024-09-24,PESSOA FÍSICA,Aquisição de veículos - Pré-fixado,23,BCO BANESTES S.A.,1.76,23.25,28127603
2024-09-18,2024-09-24,PESSOA FÍSICA,Aquisição de veículos - Pré-fixado,24,BCO DO BRASIL S.A.,1.76,23.32,00000000
2024-09-18,2024-09-24,PESSOA FÍSICA,Aquisição de veículos - Pré-fixado,25,BANCO BTG PACTUAL S.A.,1.77,23.39,30306294
2024-09-18,2024-09-24,PESSOA FÍSICA,Aquisição de veículos - Pré-fixado,26,BCO BRASILEIRO DE CRÉDITO S.A.,1.79,23.78,01852137
2024-09-18,2024-09-24,PESSOA FÍSICA,Aquisição de veículos - Pré-fixado,27,BCO SANTANDER (BRASIL) S.A.,1.81,24.01,90400888
2024-09-18,2024-09-24,PESSOA FÍSICA,Aquisição de veículos - Pré-fixado,28,PORTOSEG S.A. CFI,1.83,24.36,04862600
2024-09-18,2024-09-24,PESSOA FÍSICA,Aquisição de veículos - Pré-fixado,29,CAIXA ECONOMICA FEDERAL,1.84,24.48,00360305
2024-09-18,2024-09-24,PESSOA FÍSICA,Aquisição de veículos - Pré-fixado,30,BCO C6 S.A.,1.86,24.75,31872495
2024-09-18,2024-09-24,PESSOA FÍSICA,Aquisição de veículos - Pré-fixado,31,AYMORÉ CFI S.A.,1.92,25.58,07707650
2024-09-18,2024-09-24,PESSOA FÍSICA,Aquisição de veículos - Pré-fixado,32,BCO BRADESCO FINANC. S.A.,1.92,25.6,07207996
2024-09-18,2024-09-24,PESSOA FÍSICA,Aquisição de veículos - Pré-fixado,33,ITAÚ UNIBANCO HOLDING S.A.,1.92,25.66,60872504
2024-09-18,2024-09-24,PESSOA FÍSICA,Aquisição de veículos - Pré-fixado,34,SINOSSERRA S/A - SCFI,2.11,28.51,22639377
2024-09-18,2024-09-24,PESSOA FÍSICA,Aquisição de veículos - Pré-fixado,35,BCO VOTORANTIM S.A.,2.11,28.53,59588111
2024-09-18,2024-09-24,PESSOA FÍSICA,Aquisição de veículos - Pré-fixado,36,BCO HONDA S.A.,2.17,29.36,03634220
2024-09-18,2024-09-24,PESSOA FÍSICA,Aquisição de veículos - Pré-fixado,37,BCO DO ESTADO DO RS S.A.,2.43,33.45,92702067
2024-09-18,2024-09-24,PESSOA FÍSICA,Aquisição de veículos - Pré-fixado,38,BCO YAMAHA MOTOR S.A.,2.5,34.56,10371492
2024-09-18,2024-09-24,PESSOA FÍSICA,Aquisição de veículos - Pré-fixado,39,BCO DIGIMAIS S.A.,2.6,36.04,92874270
2024-09-18,2024-09-24,PESSOA FÍSICA,Aquisição de veículos - Pré-fixado,40,SIMPALA S.A. CFI,2.87,40.49,34991938
2024-09-18,2024-09-24,PESSOA FÍSICA,Aquisição de veículos - Pré-fixado,41,FINAMAX S.A. CFI,2.89,40.74,00411939
2024-09-18,2024-09-24,PESSOA FÍSICA,Aquisição de veículos - Pré-fixado,42,BANCO PAN,3.01,42.67,59285411
2024-09-18,2024-09-24,PESSOA FÍSICA,Aquisição de veículos - Pré-fixado,43,BCO DAYCOVAL S.A,3.01,42.7,62232889
2024-09-18,2024-09-24,PESSOA FÍSICA,Aquisição de veículos - Pré-fixado,44,OMNI SA CFI,3.29,47.42,92228410
2024-09-17,2024-09-23,PESSOA FÍSICA,Aquisição de veículos - Pré-fixado,1,BMW FINANCEIRA S.A. - CFI,0.57,7.03,04452473
2024-09-17,2024-09-23,PESSOA FÍSICA,Aquisição de veículos - Pré-fixado,2,BCO MERCEDES-BENZ S.A.,0.89,11.15,60814191
2024-09-17,2024-09-23,PESSOA FÍSICA,Aquisição de veículos - Pré-fixado,3,BCO GM S.A.,0.96,12.16,59274605
2024-09-17,2024-09-23,PESSOA FÍSICA,Aquisição de veículos - Pré-fixado,4,BCO DA AMAZONIA S.A.,1.09,13.84,04902979
2024-09-17,2024-09-23,PESSOA FÍSICA,Aquisição de veículos - Pré-fixado,5,STELLANTIS FINANCIAMENTOS CFI,1.1,13.97,03502961
2024-09-17,2024-09-23,PESSOA FÍSICA,Aquisição de veículos - Pré-fixado,6,BCO RCI BRASIL S.A.,1.17,15.04,62307848
2024-09-17,2024-09-23,PESSOA FÍSICA,Aquisição de veículos - Pré-fixado,7,BANCO CNH INDUSTRIAL CAPITAL S.A,1.24,15.91,02992446
2024-09-17,2024-09-23,PESSOA FÍSICA,Aquisição de veículos - Pré-fixado,8,SCANIA BCO S.A.,1.25,16.05,11417016
2024-09-17,2024-09-23,PESSOA FÍSICA,Aquisição de veículos - Pré-fixado,9,BCO PACCAR S.A.,1.27,16.34,28517628
2024-09-17,2024-09-23,PESSOA FÍSICA,Aquisição de veículos - Pré-fixado,10,BCO VOLKSWAGEN S.A,1.34,17.37,59109165
2024-09-17,2024-09-23,PESSOA FÍSICA,Aquisição de veículos - Pré-fixado,11,BCO VOLVO BRASIL S.A.,1.38,17.9,58017179
2024-09-17,2024-09-23,PESSOA FÍSICA,Aquisição de veículos - Pré-fixado,12,BANCO INTER,1.48,19.29,00416968
2024-09-17,2024-09-23,PESSOA FÍSICA,Aquisição de veículos - Pré-fixado,13,BANCO HYUNDAI CAPITAL BRASIL,1.51,19.73,30172491
2024-09-17,2024-09-23,PESSOA FÍSICA,Aquisição de veículos - Pré-fixado,14,BRB - CFI S/A,1.53,19.99,33136888
2024-09-17,2024-09-23,PESSOA FÍSICA,Aquisição de veículos - Pré-fixado,15,BCO RODOBENS S.A.,1.56,20.4,33603457
2024-09-17,2024-09-23,PESSOA FÍSICA,Aquisição de veículos - Pré-fixado,16,BCO BRADESCO S.A.,1.57,20.51,60746948
2024-09-17,2024-09-23,PESSOA FÍSICA,Aquisição de veículos - Pré-fixado,17,BCO SAFRA S.A.,1.61,21.09,58160789
2024-09-17,2024-09-23,PESSOA FÍSICA,Aquisição de veículos - Pré-fixado,18,FINANC ALFA S.A. CFI,1.64,21.57,17167412
2024-09-17,2024-09-23,PESSOA FÍSICA,Aquisição de veículos - Pré-fixado,19,BANCO MONEO S.A.,1.65,21.69,07441209
2024-09-17,2024-09-23,PESSOA FÍSICA,Aquisição de veículos - Pré-fixado,20,BCO TOYOTA DO BRASIL S.A.,1.68,22.14,03215790
2024-09-17,2024-09-23,PESSOA FÍSICA,Aquisição de veículos - Pré-fixado,21,SAFRA CFI S.A.,1.73,22.79,45437547
2024-09-17,2024-09-23,PESSOA FÍSICA,Aquisição de veículos - Pré-fixado,22,BCO DO BRASIL S.A.,1.75,23.17,00000000
2024-09-17,2024-09-23,PESSOA FÍSICA,Aquisição de veículos - Pré-fixado,23,BCO BANESTES S.A.,1.77,23.37,28127603
2024-09-17,2024-09-23,PESSOA FÍSICA,Aquisição de veículos - Pré-fixado,24,BCO BRASILEIRO DE CRÉDITO S.A.,1.79,23.78,01852137
2024-09-17,2024-09-23,PESSOA FÍSICA,Aquisição de veículos - Pré-fixado,25,BCO SANTANDER (BRASIL) S.A.,1.8,23.88,90400888
2024-09-17,2024-09-23,PESSOA FÍSICA,Aquisição de veículos - Pré-fixado,26,BANCO BTG PACTUAL S.A.,1.81,23.99,30306294
2024-09-17,2024-09-23,PESSOA FÍSICA,Aquisição de veículos - Pré-fixado,27,PORTOSEG S.A. CFI,1.83,24.38,04862600
2024-09-17,2024-09-23,PESSOA FÍSICA,Aquisição de veículos - Pré-fixado,28,CAIXA ECONOMICA FEDERAL,1.85,24.58,00360305
2024-09-17,2024-09-23,PESSOA FÍSICA,Aquisição de veículos - Pré-fixado,29,BCO C6 S.A.,1.86,24.69,31872495
2024-09-17,2024-09-23,PESSOA FÍSICA,Aquisição de veículos - Pré-fixado,30,AYMORÉ CFI S.A.,1.92,25.65,07707650
2024-09-17,2024-09-23,PESSOA FÍSICA,Aquisição de veículos - Pré-fixado,31,ITAÚ UNIBANCO HOLDING S.A.,1.93,25.83,60872504
2024-09-17,2024-09-23,PESSOA FÍSICA,Aquisição de veículos - Pré-fixado,32,BCO BRADESCO FINANC. S.A.,1.94,25.86,07207996
2024-09-17,2024-09-23,PESSOA FÍSICA,Aquisição de veículos - Pré-fixado,33,SINOSSERRA S/A - SCFI,2.09,28.14,22639377
2024-09-17,2024-09-23,PESSOA FÍSICA,Aquisição de veículos - Pré-fixado,34,BCO VOTORANTIM S.A.,2.11,28.45,59588111
2024-09-17,2024-09-23,PESSOA FÍSICA,Aquisição de veículos - Pré-fixado,35,BCO HONDA S.A.,2.18,29.47,03634220
2024-09-17,2024-09-23,PESSOA FÍSICA,Aquisição de veículos - Pré-fixado,36,BCO DO ESTADO DO RS S.A.,2.43,33.45,92702067
2024-09-17,2024-09-23,PESSOA FÍSICA,Aquisição de veículos - Pré-fixado,37,BCO YAMAHA MOTOR S.A.,2.52,34.81,10371492
2024-09-17,2024-09-23,PESSOA FÍSICA,Aquisição de veículos - Pré-fixado,38,BCO DIGIMAIS S.A.,2.6,36.04,92874270
2024-09-17,2024-09-23,PESSOA FÍSICA,Aquisição de veículos - Pré-fixado,39,FINAMAX S.A. CFI,2.86,40.22,00411939
2024-09-17,2024-09-23,PESSOA FÍSICA,Aquisição de veículos - Pré-fixado,40,SIMPALA S.A. CFI,2.87,40.47,34991938
2024-09-17,2024-09-23,PESSOA FÍSICA,Aquisição de veículos - Pré-fixado,41,BANCO PAN,3.01,42.67,59285411
2024-09-17,2024-09-23,PESSOA FÍSICA,Aquisição de veículos - Pré-fixado,42,BCO DAYCOVAL S.A,3.01,42.81,62232889
2024-09-17,2024-09-23,PESSOA FÍSICA,Aquisição de veículos - Pré-fixado,43,OMNI SA CFI,3.28,47.36,92228410
2024-09-16,2024-09-20,PESSOA FÍSICA,Aquisição de veículos - Pré-fixado,1,BMW FINANCEIRA S.A. - CFI,0.59,7.28,04452473
2024-09-16,2024-09-20,PESSOA FÍSICA,Aquisição de veículos - Pré-fixado,2,BCO MERCEDES-BENZ S.A.,0.94,11.89,60814191
2024-09-16,2024-09-20,PESSOA FÍSICA,Aquisição de veículos - Pré-fixado,3,BCO GM S.A.,0.97,12.22,59274605
2024-09-16,2024-09-20,PESSOA FÍSICA,Aquisição de veículos - Pré-fixado,4,BCO DA AMAZONIA S.A.,1.08,13.77,04902979
2024-09-16,2024-09-20,PESSOA FÍSICA,Aquisição de veículos - Pré-fixado,5,STELLANTIS FINANCIAMENTOS CFI,1.12,14.32,03502961
2024-09-16,2024-09-20,PESSOA FÍSICA,Aquisição de veículos - Pré-fixado,6,BCO RCI BRASIL S.A.,1.17,14.95,62307848
2024-09-16,2024-09-20,PESSOA FÍSICA,Aquisição de veículos - Pré-fixado,7,SCANIA BCO S.A.,1.21,15.47,11417016
2024-09-16,2024-09-20,PESSOA FÍSICA,Aquisição de veículos - Pré-fixado,8,BCO PACCAR S.A.,1.27,16.34,28517628
2024-09-16,2024-09-20,PESSOA FÍSICA,Aquisição de veículos - Pré-fixado,9,BANCO CNH INDUSTRIAL CAPITAL S.A,1.34,17.33,02992446
2024-09-16,2024-09-20,PESSOA FÍSICA,Aquisição de veículos - Pré-fixado,10,BCO VOLKSWAGEN S.A,1.36,17.62,59109165
2024-09-16,2024-09-20,PESSOA FÍSICA,Aquisição de veículos - Pré-fixado,11,BCO VOLVO BRASIL S.A.,1.38,17.9,58017179
2024-09-16,2024-09-20,PESSOA FÍSICA,Aquisição de veículos - Pré-fixado,12,BCO RODOBENS S.A.,1.56,20.38,33603457
2024-09-16,2024-09-20,PESSOA FÍSICA,Aquisição de veículos - Pré-fixado,13,BCO SAFRA S.A.,1.56,20.45,58160789
2024-09-16,2024-09-20,PESSOA FÍSICA,Aquisição de veículos - Pré-fixado,14,BCO BRADESCO S.A.,1.57,20.48,60746948
2024-09-16,2024-09-20,PESSOA FÍSICA,Aquisição de veículos - Pré-fixado,15,BANCO HYUNDAI CAPITAL BRASIL,1.57,20.55,30172491
2024-09-16,2024-09-20,PESSOA FÍSICA,Aquisição de veículos - Pré-fixado,16,BANCO INTER,1.61,21.1,00416968
2024-09-16,2024-09-20,PESSOA FÍSICA,Aquisição de veículos - Pré-fixado,17,AL5 S.A. CFI,1.62,21.33,27214112
2024-09-16,2024-09-20,PESSOA FÍSICA,Aquisição de veículos - Pré-fixado,18,FINANC ALFA S.A. CFI,1.63,21.45,17167412
2024-09-16,2024-09-20,PESSOA FÍSICA,Aquisição de veículos - Pré-fixado,19,BCO TOYOTA DO BRASIL S.A.,1.68,22.17,03215790
2024-09-16,2024-09-20,PESSOA FÍSICA,Aquisição de veículos - Pré-fixado,20,BANCO MONEO S.A.,1.7,22.43,07441209
2024-09-16,2024-09-20,PESSOA FÍSICA,Aquisição de veículos - Pré-fixado,21,SAFRA CFI S.A.,1.73,22.88,45437547
2024-09-16,2024-09-20,PESSOA FÍSICA,Aquisição de veículos - Pré-fixado,22,BCO DO BRASIL S.A.,1.77,23.48,00000000
2024-09-16,2024-09-20,PESSOA FÍSICA,Aquisição de veículos - Pré-fixado,23,BCO BANESTES S.A.,1.78,23.52,28127603
2024-09-16,2024-09-20,PESSOA FÍSICA,Aquisição de veículos - Pré-fixado,24,BCO SANTANDER (BRASIL) S.A.,1.78,23.57,90400888
2024-09-16,2024-09-20,PESSOA FÍSICA,Aquisição de veículos - Pré-fixado,25,BCO BRASILEIRO DE CRÉDITO S.A.,1.79,23.78,01852137
2024-09-16,2024-09-20,PESSOA FÍSICA,Aquisição de veículos - Pré-fixado,26,BCO C6 S.A.,1.85,24.67,31872495
2024-09-16,2024-09-20,PESSOA FÍSICA,Aquisição de veículos - Pré-fixado,27,CAIXA ECONOMICA FEDERAL,1.86,24.71,00360305
2024-09-16,2024-09-20,PESSOA FÍSICA,Aquisição de veículos - Pré-fixado,28,PORTOSEG S.A. CFI,1.87,24.9,04862600
2024-09-16,2024-09-20,PESSOA FÍSICA,Aquisição de veículos - Pré-fixado,29,BCO GUANABARA S.A.,1.92,25.67,31880826
2024-09-16,2024-09-20,PESSOA FÍSICA,Aquisição de veículos - Pré-fixado,30,AYMORÉ CFI S.A.,1.93,25.8,07707650
2024-09-16,2024-09-20,PESSOA FÍSICA,Aquisição de veículos - Pré-fixado,31,ITAÚ UNIBANCO HOLDING S.A.,1.94,25.93,60872504
2024-09-16,2024-09-20,PESSOA FÍSICA,Aquisição de veículos - Pré-fixado,32,BCO BRADESCO FINANC. S.A.,1.94,25.97,07207996
2024-09-16,2024-09-20,PESSOA FÍSICA,Aquisição de veículos - Pré-fixado,33,SINOSSERRA S/A - SCFI,2.04,27.46,22639377
2024-09-16,2024-09-20,PESSOA FÍSICA,Aquisição de veículos - Pré-fixado,34,BANCO BTG PACTUAL S.A.,2.06,27.74,30306294
2024-09-16,2024-09-20,PESSOA FÍSICA,Aquisição de veículos - Pré-fixado,35,BCO VOTORANTIM S.A.,2.11,28.45,59588111
2024-09-16,2024-09-20,PESSOA FÍSICA,Aquisição de veículos - Pré-fixado,36,BCO HONDA S.A.,2.18,29.5,03634220
2024-09-16,2024-09-20,PESSOA FÍSICA,Aquisição de veículos - Pré-fixado,37,BCO DO ESTADO DO RS S.A.,2.44,33.51,92702067
2024-09-16,2024-09-20,PESSOA FÍSICA,Aquisição de veículos - Pré-fixado,38,BCO YAMAHA MOTOR S.A.,2.5,34.42,10371492
2024-09-16,2024-09-20,PESSOA FÍSICA,Aquisição de veículos - Pré-fixado,39,BCO DIGIMAIS S.A.,2.6,36.13,92874270
2024-09-16,2024-09-20,PESSOA FÍSICA,Aquisição de veículos - Pré-fixado,40,SIMPALA S.A. CFI,2.81,39.39,34991938
2024-09-16,2024-09-20,PESSOA FÍSICA,Aquisição de veículos - Pré-fixado,41,FINAMAX S.A. CFI,2.91,41.14,00411939
2024-09-16,2024-09-20,PESSOA FÍSICA,Aquisição de veículos - Pré-fixado,42,BANCO PAN,3.01,42.72,59285411
2024-09-16,2024-09-20,PESSOA FÍSICA,Aquisição de veículos - Pré-fixado,43,BCO DAYCOVAL S.A,3.01,42.78,62232889
2024-09-16,2024-09-20,PESSOA FÍSICA,Aquisição de veículos - Pré-fixado,44,OMNI SA CFI,3.25,46.75,92228410
2024-09-13,2024-09-19,PESSOA FÍSICA,Aquisição de veículos - Pré-fixado,1,BMW FINANCEIRA S.A. - CFI,0.6,7.47,04452473
2024-09-13,2024-09-19,PESSOA FÍSICA,Aquisição de veículos - Pré-fixado,2,BCO GM S.A.,0.97,12.27,59274605
2024-09-13,2024-09-19,PESSOA FÍSICA,Aquisição de veículos - Pré-fixado,3,BCO MERCEDES-BENZ S.A.,1.04,13.24,60814191
2024-09-13,2024-09-19,PESSOA FÍSICA,Aquisição de veículos - Pré-fixado,4,BCO DA AMAZONIA S.A.,1.08,13.78,04902979
2024-09-13,2024-09-19,PESSOA FÍSICA,Aquisição de veículos - Pré-fixado,5,STELLANTIS FINANCIAMENTOS CFI,1.14,14.51,03502961
2024-09-13,2024-09-19,PESSOA FÍSICA,Aquisição de veículos - Pré-fixado,6,BCO RCI BRASIL S.A.,1.15,14.72,62307848
2024-09-13,2024-09-19,PESSOA FÍSICA,Aquisição de veículos - Pré-fixado,7,SCANIA BCO S.A.,1.21,15.53,11417016
2024-09-13,2024-09-19,PESSOA FÍSICA,Aquisição de veículos - Pré-fixado,8,BCO VOLVO BRASIL S.A.,1.24,15.91,58017179
2024-09-13,2024-09-19,PESSOA FÍSICA,Aquisição de veículos - Pré-fixado,9,BCO PACCAR S.A.,1.25,16.09,28517628
2024-09-13,2024-09-19,PESSOA FÍSICA,Aquisição de veículos - Pré-fixado,10,BCO VOLKSWAGEN S.A,1.37,17.77,59109165
2024-09-13,2024-09-19,PESSOA FÍSICA,Aquisição de veículos - Pré-fixado,11,BANCO CNH INDUSTRIAL CAPITAL S.A,1.41,18.33,02992446
2024-09-13,2024-09-19,PESSOA FÍSICA,Aquisição de veículos - Pré-fixado,12,BCO SANTANDER (BRASIL) S.A.,1.48,19.3,90400888
2024-09-13,2024-09-19,PESSOA FÍSICA,Aquisição de veículos - Pré-fixado,13,BCO SAFRA S.A.,1.51,19.67,58160789
2024-09-13,2024-09-19,PESSOA FÍSICA,Aquisição de veículos - Pré-fixado,14,BCO BRADESCO S.A.,1.55,20.32,60746948
2024-09-13,2024-09-19,PESSOA FÍSICA,Aquisição de veículos - Pré-fixado,15,BCO RODOBENS S.A.,1.57,20.6,33603457
2024-09-13,2024-09-19,PESSOA FÍSICA,Aquisição de veículos - Pré-fixado,16,BANCO HYUNDAI CAPITAL BRASIL,1.59,20.84,30172491
2024-09-13,2024-09-19,PESSOA FÍSICA,Aquisição de veículos - Pré-fixado,17,BANCO INTER,1.6,20.92,00416968
2024-09-13,2024-09-19,PESSOA FÍSICA,Aquisição de veículos - Pré-fixado,18,AL5 S.A. CFI,1.62,21.33,27214112
2024-09-13,2024-09-19,PESSOA FÍSICA,Aquisição de veículos - Pré-fixado,19,BANCO MONEO S.A.,1.63,21.36,07441209
2024-09-13,2024-09-19,PESSOA FÍSICA,Aquisição de veículos - Pré-fixado,20,FINANC ALFA S.A. CFI,1.64,21.54,17167412
2024-09-13,2024-09-19,PESSOA FÍSICA,Aquisição de veículos - Pré-fixado,21,BCO TOYOTA DO BRASIL S.A.,1.66,21.89,03215790
2024-09-13,2024-09-19,PESSOA FÍSICA,Aquisição de veículos - Pré-fixado,22,SAFRA CFI S.A.,1.72,22.76,45437547
2024-09-13,2024-09-19,PESSOA FÍSICA,Aquisição de veículos - Pré-fixado,23,BCO BANESTES S.A.,1.78,23.6,28127603
2024-09-13,2024-09-19,PESSOA FÍSICA,Aquisição de veículos - Pré-fixado,24,BCO BRASILEIRO DE CRÉDITO S.A.,1.81,23.96,01852137
2024-09-13,2024-09-19,PESSOA FÍSICA,Aquisição de veículos - Pré-fixado,25,BCO DO BRASIL S.A.,1.81,24.03,00000000
2024-09-13,2024-09-19,PESSOA FÍSICA,Aquisição de veículos - Pré-fixado,26,BCO C6 S.A.,1.85,24.58,31872495
2024-09-13,2024-09-19,PESSOA FÍSICA,Aquisição de veículos - Pré-fixado,27,PORTOSEG S.A. CFI,1.86,24.69,04862600
2024-09-13,2024-09-19,PESSOA FÍSICA,Aquisição de veículos - Pré-fixado,28,CAIXA ECONOMICA FEDERAL,1.89,25.21,00360305
2024-09-13,2024-09-19,PESSOA FÍSICA,Aquisição de veículos - Pré-fixado,29,BCO GUANABARA S.A.,1.92,25.67,31880826
2024-09-13,2024-09-19,PESSOA FÍSICA,Aquisição de veículos - Pré-fixado,30,AYMORÉ CFI S.A.,1.94,25.87,07707650
2024-09-13,2024-09-19,PESSOA FÍSICA,Aquisição de veículos - Pré-fixado,31,BCO BRADESCO FINANC. S.A.,1.94,25.9,07207996
2024-09-13,2024-09-19,PESSOA FÍSICA,Aquisição de veículos - Pré-fixado,32,ITAÚ UNIBANCO HOLDING S.A.,1.94,25.97,60872504
2024-09-13,2024-09-19,PESSOA FÍSICA,Aquisição de veículos - Pré-fixado,33,SINOSSERRA S/A - SCFI,2.07,27.86,22639377
2024-09-13,2024-09-19,PESSOA FÍSICA,Aquisição de veículos - Pré-fixado,34,BCO VOTORANTIM S.A.,2.11,28.53,59588111
2024-09-13,2024-09-19,PESSOA FÍSICA,Aquisição de veículos - Pré-fixado,35,BCO HONDA S.A.,2.2,29.77,03634220
2024-09-13,2024-09-19,PESSOA FÍSICA,Aquisição de veículos - Pré-fixado,36,BANCO BTG PACTUAL S.A.,2.21,29.95,30306294
2024-09-13,2024-09-19,PESSOA FÍSICA,Aquisição de veículos - Pré-fixado,37,BCO DO ESTADO DO RS S.A.,2.44,33.51,92702067
2024-09-13,2024-09-19,PESSOA FÍSICA,Aquisição de veículos - Pré-fixado,38,BCO YAMAHA MOTOR S.A.,2.51,34.61,10371492
2024-09-13,2024-09-19,PESSOA FÍSICA,Aquisição de veículos - Pré-fixado,39,BCO DIGIMAIS S.A.,2.6,36.04,92874270
2024-09-13,2024-09-19,PESSOA FÍSICA,Aquisição de veículos - Pré-fixado,40,SIMPALA S.A. CFI,2.81,39.42,34991938
2024-09-13,2024-09-19,PESSOA FÍSICA,Aquisição de veículos - Pré-fixado,41,FINAMAX S.A. CFI,2.82,39.53,00411939
2024-09-13,2024-09-19,PESSOA FÍSICA,Aquisição de veículos - Pré-fixado,42,BCO DAYCOVAL S.A,3.0,42.63,62232889
2024-09-13,2024-09-19,PESSOA FÍSICA,Aquisição de veículos - Pré-fixado,43,BANCO PAN,3.01,42.72,59285411
2024-09-13,2024-09-19,PESSOA FÍSICA,Aquisição de veículos - Pré-fixado,44,OMNI SA CFI,3.24,46.59,92228410
2024-09-12,2024-09-18,PESSOA FÍSICA,Aquisição de veículos - Pré-fixado,1,BMW FINANCEIRA S.A. - CFI,0.64,7.9,04452473
2024-09-12,2024-09-18,PESSOA FÍSICA,Aquisição de veículos - Pré-fixado,2,BCO GM S.A.,0.99,12.51,59274605
2024-09-12,2024-09-18,PESSOA FÍSICA,Aquisição de veículos - Pré-fixado,3,BCO DA AMAZONIA S.A.,1.09,13.85,04902979
2024-09-12,2024-09-18,PESSOA FÍSICA,Aquisição de veículos - Pré-fixado,4,BCO MERCEDES-BENZ S.A.,1.11,14.13,60814191
2024-09-12,2024-09-18,PESSOA FÍSICA,Aquisição de veículos - Pré-fixado,5,STELLANTIS FINANCIAMENTOS CFI,1.15,14.75,03502961
2024-09-12,2024-09-18,PESSOA FÍSICA,Aquisição de veículos - Pré-fixado,6,BCO RCI BRASIL S.A.,1.17,14.94,62307848
2024-09-12,2024-09-18,PESSOA FÍSICA,Aquisição de veículos - Pré-fixado,7,BCO VOLVO BRASIL S.A.,1.21,15.46,58017179
2024-09-12,2024-09-18,PESSOA FÍSICA,Aquisição de veículos - Pré-fixado,8,SCANIA BCO S.A.,1.21,15.53,11417016
2024-09-12,2024-09-18,PESSOA FÍSICA,Aquisição de veículos - Pré-fixado,9,BCO PACCAR S.A.,1.25,16.09,28517628
2024-09-12,2024-09-18,PESSOA FÍSICA,Aquisição de veículos - Pré-fixado,10,BCO VOLKSWAGEN S.A,1.36,17.62,59109165
2024-09-12,2024-09-18,PESSOA FÍSICA,Aquisição de veículos - Pré-fixado,11,BCO. J.SAFRA S.A.,1.41,18.33,03017677
2024-09-12,2024-09-18,PESSOA FÍSICA,Aquisição de veículos - Pré-fixado,12,BCO SAFRA S.A.,1.42,18.37,58160789
2024-09-12,2024-09-18,PESSOA FÍSICA,Aquisição de veículos - Pré-fixado,13,BANCO CNH INDUSTRIAL CAPITAL S.A,1.46,19.01,02992446
2024-09-12,2024-09-18,PESSOA FÍSICA,Aquisição de veículos - Pré-fixado,14,BCO BRADESCO S.A.,1.55,20.28,60746948
2024-09-12,2024-09-18,PESSOA FÍSICA,Aquisição de veículos - Pré-fixado,15,BCO RODOBENS S.A.,1.57,20.49,33603457
2024-09-12,2024-09-18,PESSOA FÍSICA,Aquisição de veículos - Pré-fixado,16,BANCO HYUNDAI CAPITAL BRASIL,1.59,20.81,30172491
2024-09-12,2024-09-18,PESSOA FÍSICA,Aquisição de veículos - Pré-fixado,17,BCO BANESTES S.A.,1.59,20.9,28127603
2024-09-12,2024-09-18,PESSOA FÍSICA,Aquisição de veículos - Pré-fixado,18,BANCO INTER,1.6,20.92,00416968
2024-09-12,2024-09-18,PESSOA FÍSICA,Aquisição de veículos - Pré-fixado,19,AL5 S.A. CFI,1.62,21.33,27214112
2024-09-12,2024-09-18,PESSOA FÍSICA,Aquisição de veículos - Pré-fixado,20,BANCO MONEO S.A.,1.64,21.61,07441209
2024-09-12,2024-09-18,PESSOA FÍSICA,Aquisição de veículos - Pré-fixado,21,BCO TOYOTA DO BRASIL S.A.,1.66,21.86,03215790
2024-09-12,2024-09-18,PESSOA FÍSICA,Aquisição de veículos - Pré-fixado,22,FINANC ALFA S.A. CFI,1.66,21.88,17167412
2024-09-12,2024-09-18,PESSOA FÍSICA,Aquisição de veículos - Pré-fixado,23,SAFRA CFI S.A.,1.72,22.75,45437547
2024-09-12,2024-09-18,PESSOA FÍSICA,Aquisição de veículos - Pré-fixado,24,BCO BRASILEIRO DE CRÉDITO S.A.,1.79,23.77,01852137
2024-09-12,2024-09-18,PESSOA FÍSICA,Aquisição de veículos - Pré-fixado,25,BCO DO BRASIL S.A.,1.81,24.06,00000000
2024-09-12,2024-09-18,PESSOA FÍSICA,Aquisição de veículos - Pré-fixado,26,BCO C6 S.A.,1.85,24.6,31872495
2024-09-12,2024-09-18,PESSOA FÍSICA,Aquisição de veículos - Pré-fixado,27,PORTOSEG S.A. CFI,1.85,24.66,04862600
2024-09-12,2024-09-18,PESSOA FÍSICA,Aquisição de veículos - Pré-fixado,28,BCO GUANABARA S.A.,1.92,25.67,31880826
2024-09-12,2024-09-18,PESSOA FÍSICA,Aquisição de veículos - Pré-fixado,29,BCO BRADESCO FINANC. S.A.,1.94,25.91,07207996
2024-09-12,2024-09-18,PESSOA FÍSICA,Aquisição de veículos - Pré-fixado,30,AYMORÉ CFI S.A.,1.94,25.99,07707650
2024-09-12,2024-09-18,PESSOA FÍSICA,Aquisição de veículos - Pré-fixado,31,ITAÚ UNIBANCO HOLDING S.A.,1.95,26.04,60872504
2024-09-12,2024-09-18,PESSOA FÍSICA,Aquisição de veículos - Pré-fixado,32,CAIXA ECONOMICA FEDERAL,1.96,26.29,00360305
2024-09-12,2024-09-18,PESSOA FÍSICA,Aquisição de veículos - Pré-fixado,33,BCO SANTANDER (BRASIL) S.A.,1.98,26.54,90400888
2024-09-12,2024-09-18,PESSOA FÍSICA,Aquisição de veículos - Pré-fixado,34,SINOSSERRA S/A - SCFI,2.06,27.79,22639377
2024-09-12,2024-09-18,PESSOA FÍSICA,Aquisição de veículos - Pré-fixado,35,BCO VOTORANTIM S.A.,2.12,28.59,59588111
2024-09-12,2024-09-18,PESSOA FÍSICA,Aquisição de veículos - Pré-fixado,36,BCO HONDA S.A.,2.2,29.8,03634220
2024-09-12,2024-09-18,PESSOA FÍSICA,Aquisição de veículos - Pré-fixado,37,BANCO BTG PACTUAL S.A.,2.3,31.38,30306294
2024-09-12,2024-09-18,PESSOA FÍSICA,Aquisição de veículos - Pré-fixado,38,BCO YAMAHA MOTOR S.A.,2.49,34.38,10371492
2024-09-12,2024-09-18,PESSOA FÍSICA,Aquisição de veículos - Pré-fixado,39,BCO DIGIMAIS S.A.,2.58,35.68,92874270
2024-09-12,2024-09-18,PESSOA FÍSICA,Aquisição de veículos - Pré-fixado,40,FINAMAX S.A. CFI,2.78,39.02,00411939
2024-09-12,2024-09-18,PESSOA FÍSICA,Aquisição de veículos - Pré-fixado,41,SIMPALA S.A. CFI,2.83,39.77,34991938
2024-09-12,2024-09-18,PESSOA FÍSICA,Aquisição de veículos - Pré-fixado,42,BCO DAYCOVAL S.A,3.0,42.58,62232889
2024-09-12,2024-09-18,PESSOA FÍSICA,Aquisição de veículos - Pré-fixado,43,BANCO PAN,3.01,42.81,59285411
2024-09-12,2024-09-18,PESSOA FÍSICA,Aquisição de veículos - Pré-fixado,44,OMNI SA CFI,3.24,46.68,92228410
2024-09-11,2024-09-17,PESSOA FÍSICA,Aquisição de veículos - Pré-fixado,1,BMW FINANCEIRA S.A. - CFI,0.63,7.81,04452473
2024-09-11,2024-09-17,PESSOA FÍSICA,Aquisição de veículos - Pré-fixado,2,BCO GM S.A.,1.04,13.28,59274605
2024-09-11,2024-09-17,PESSOA FÍSICA,Aquisição de veículos - Pré-fixado,3,BCO DA AMAZONIA S.A.,1.09,13.88,04902979
2024-09-11,2024-09-17,PESSOA FÍSICA,Aquisição de veículos - Pré-fixado,4,BCO MERCEDES-BENZ S.A.,1.13,14.38,60814191
2024-09-11,2024-09-17,PESSOA FÍSICA,Aquisição de veículos - Pré-fixado,5,BCO VOLVO BRASIL S.A.,1.15,14.74,58017179
2024-09-11,2024-09-17,PESSOA FÍSICA,Aquisição de veículos - Pré-fixado,6,BCO RCI BRASIL S.A.,1.16,14.83,62307848
2024-09-11,2024-09-17,PESSOA FÍSICA,Aquisição de veículos - Pré-fixado,7,STELLANTIS FINANCIAMENTOS CFI,1.18,15.18,03502961
2024-09-11,2024-09-17,PESSOA FÍSICA,Aquisição de veículos - Pré-fixado,8,SCANIA BCO S.A.,1.22,15.59,11417016
2024-09-11,2024-09-17,PESSOA FÍSICA,Aquisição de veículos - Pré-fixado,9,BCO PACCAR S.A.,1.25,16.09,28517628
2024-09-11,2024-09-17,PESSOA FÍSICA,Aquisição de veículos - Pré-fixado,10,BCO SAFRA S.A.,1.34,17.32,58160789
2024-09-11,2024-09-17,PESSOA FÍSICA,Aquisição de veículos - Pré-fixado,11,BCO VOLKSWAGEN S.A,1.37,17.71,59109165
2024-09-11,2024-09-17,PESSOA FÍSICA,Aquisição de veículos - Pré-fixado,12,BCO. J.SAFRA S.A.,1.41,18.33,03017677
2024-09-11,2024-09-17,PESSOA FÍSICA,Aquisição de veículos - Pré-fixado,13,BANCO CNH INDUSTRIAL CAPITAL S.A,1.46,19.01,02992446
2024-09-11,2024-09-17,PESSOA FÍSICA,Aquisição de veículos - Pré-fixado,14,BCO BRADESCO S.A.,1.56,20.38,60746948
2024-09-11,2024-09-17,PESSOA FÍSICA,Aquisição de veículos - Pré-fixado,15,BCO RODOBENS S.A.,1.57,20.53,33603457
2024-09-11,2024-09-17,PESSOA FÍSICA,Aquisição de veículos - Pré-fixado,16,BANCO INTER,1.6,20.92,00416968
2024-09-11,2024-09-17,PESSOA FÍSICA,Aquisição de veículos - Pré-fixado,17,BANCO HYUNDAI CAPITAL BRASIL,1.62,21.23,30172491
2024-09-11,2024-09-17,PESSOA FÍSICA,Aquisição de veículos - Pré-fixado,18,BANCO MONEO S.A.,1.62,21.32,07441209
2024-09-11,2024-09-17,PESSOA FÍSICA,Aquisição de veículos - Pré-fixado,19,BCO BANESTES S.A.,1.62,21.33,28127603
2024-09-11,2024-09-17,PESSOA FÍSICA,Aquisição de veículos - Pré-fixado,20,BCO TOYOTA DO BRASIL S.A.,1.65,21.66,03215790
2024-09-11,2024-09-17,PESSOA FÍSICA,Aquisição de veículos - Pré-fixado,21,FINANC ALFA S.A. CFI,1.67,22.02,17167412
2024-09-11,2024-09-17,PESSOA FÍSICA,Aquisição de veículos - Pré-fixado,22,SAFRA CFI S.A.,1.72,22.74,45437547
2024-09-11,2024-09-17,PESSOA FÍSICA,Aquisição de veículos - Pré-fixado,23,BCO BRASILEIRO DE CRÉDITO S.A.,1.81,23.98,01852137
2024-09-11,2024-09-17,PESSOA FÍSICA,Aquisição de veículos - Pré-fixado,24,BCO DO BRASIL S.A.,1.81,23.99,00000000
2024-09-11,2024-09-17,PESSOA FÍSICA,Aquisição de veículos - Pré-fixado,25,BCO C6 S.A.,1.85,24.63,31872495
2024-09-11,2024-09-17,PESSOA FÍSICA,Aquisição de veículos - Pré-fixado,26,PORTOSEG S.A. CFI,1.9,25.33,04862600
2024-09-11,2024-09-17,PESSOA FÍSICA,Aquisição de veículos - Pré-fixado,27,BCO GUANABARA S.A.,1.92,25.67,31880826
2024-09-11,2024-09-17,PESSOA FÍSICA,Aquisição de veículos - Pré-fixado,28,ITAÚ UNIBANCO HOLDING S.A.,1.95,26.03,60872504
2024-09-11,2024-09-17,PESSOA FÍSICA,Aquisição de veículos - Pré-fixado,29,CAIXA ECONOMICA FEDERAL,1.95,26.07,00360305
2024-09-11,2024-09-17,PESSOA FÍSICA,Aquisição de veículos - Pré-fixado,30,AYMORÉ CFI S.A.,1.96,26.15,07707650
2024-09-11,2024-09-17,PESSOA FÍSICA,Aquisição de veículos - Pré-fixado,31,BCO BRADESCO FINANC. S.A.,1.96,26.29,07207996
2024-09-11,2024-09-17,PESSOA FÍSICA,Aquisição de veículos - Pré-fixado,32,BCO SANTANDER (BRASIL) S.A.,1.97,26.34,90400888
2024-09-11,2024-09-17,PESSOA FÍSICA,Aquisição de veículos - Pré-fixado,33,SINOSSERRA S/A - SCFI,2.03,27.27,22639377
2024-09-11,2024-09-17,PESSOA FÍSICA,Aquisição de veículos - Pré-fixado,34,BCO VOTORANTIM S.A.,2.12,28.64,59588111
2024-09-11,2024-09-17,PESSOA FÍSICA,Aquisição de veículos - Pré-fixado,35,BCO HONDA S.A.,2.22,30.18,03634220
2024-09-11,2024-09-17,PESSOA FÍSICA,Aquisição de veículos - Pré-fixado,36,BANCO BTG PACTUAL S.A.,2.3,31.4,30306294
2024-09-11,2024-09-17,PESSOA FÍSICA,Aquisição de veículos - Pré-fixado,37,BCO YAMAHA MOTOR S.A.,2.49,34.28,10371492
2024-09-11,2024-09-17,PESSOA FÍSICA,Aquisição de veículos - Pré-fixado,38,BCO DIGIMAIS S.A.,2.59,35.86,92874270
2024-09-11,2024-09-17,PESSOA FÍSICA,Aquisição de veículos - Pré-fixado,39,FINAMAX S.A. CFI,2.82,39.59,00411939
2024-09-11,2024-09-17,PESSOA FÍSICA,Aquisição de veículos - Pré-fixado,40,SIMPALA S.A. CFI,2.84,39.97,34991938
2024-09-11,2024-09-17,PESSOA FÍSICA,Aquisição de veículos - Pré-fixado,41,BCO DAYCOVAL S.A,2.99,42.43,62232889
2024-09-11,2024-09-17,PESSOA FÍSICA,Aquisição de veículos - Pré-fixado,42,BANCO PAN,3.02,42.9,59285411
2024-09-11,2024-09-17,PESSOA FÍSICA,Aquisição de veículos - Pré-fixado,43,OMNI SA CFI,3.24,46.54,92228410
2024-09-10,2024-09-16,PESSOA FÍSICA,Aquisição de veículos - Pré-fixado,1,BMW FINANCEIRA S.A. - CFI,0.71,8.82,04452473
2024-09-10,2024-09-16,PESSOA FÍSICA,Aquisição de veículos - Pré-fixado,2,BCO GM S.A.,1.08,13.76,59274605
2024-09-10,2024-09-16,PESSOA FÍSICA,Aquisição de veículos - Pré-fixado,3,BCO DA AMAZONIA S.A.,1.09,13.91,04902979
2024-09-10,2024-09-16,PESSOA FÍSICA,Aquisição de veículos - Pré-fixado,4,BCO MERCEDES-BENZ S.A.,1.09,13.94,60814191
2024-09-10,2024-09-16,PESSOA FÍSICA,Aquisição de veículos - Pré-fixado,5,BCO VOLVO BRASIL S.A.,1.15,14.74,58017179
2024-09-10,2024-09-16,PESSOA FÍSICA,Aquisição de veículos - Pré-fixado,6,BCO RCI BRASIL S.A.,1.17,14.94,62307848
2024-09-10,2024-09-16,PESSOA FÍSICA,Aquisição de veículos - Pré-fixado,7,STELLANTIS FINANCIAMENTOS CFI,1.18,15.14,03502961
2024-09-10,2024-09-16,PESSOA FÍSICA,Aquisição de veículos - Pré-fixado,8,SCANIA BCO S.A.,1.22,15.59,11417016
2024-09-10,2024-09-16,PESSOA FÍSICA,Aquisição de veículos - Pré-fixado,9,BCO PACCAR S.A.,1.26,16.2,28517628
2024-09-10,2024-09-16,PESSOA FÍSICA,Aquisição de veículos - Pré-fixado,10,BCO VOLKSWAGEN S.A,1.37,17.72,59109165
2024-09-10,2024-09-16,PESSOA FÍSICA,Aquisição de veículos - Pré-fixado,11,BCO SAFRA S.A.,1.37,17.75,58160789
2024-09-10,2024-09-16,PESSOA FÍSICA,Aquisição de veículos - Pré-fixado,12,BCO. J.SAFRA S.A.,1.41,18.33,03017677
2024-09-10,2024-09-16,PESSOA FÍSICA,Aquisição de veículos - Pré-fixado,13,BANCO CNH INDUSTRIAL CAPITAL S.A,1.54,20.08,02992446
2024-09-10,2024-09-16,PESSOA FÍSICA,Aquisição de veículos - Pré-fixado,14,BCO BRADESCO S.A.,1.57,20.5,60746948
2024-09-10,2024-09-16,PESSOA FÍSICA,Aquisição de veículos - Pré-fixado,15,BCO RODOBENS S.A.,1.59,20.78,33603457
2024-09-10,2024-09-16,PESSOA FÍSICA,Aquisição de veículos - Pré-fixado,16,BCO BANESTES S.A.,1.61,21.09,28127603
2024-09-10,2024-09-16,PESSOA FÍSICA,Aquisição de veículos - Pré-fixado,17,BANCO MONEO S.A.,1.62,21.32,07441209
2024-09-10,2024-09-16,PESSOA FÍSICA,Aquisição de veículos - Pré-fixado,18,BANCO HYUNDAI CAPITAL BRASIL,1.64,21.56,30172491
2024-09-10,2024-09-16,PESSOA FÍSICA,Aquisição de veículos - Pré-fixado,19,BCO TOYOTA DO BRASIL S.A.,1.64,21.58,03215790
2024-09-10,2024-09-16,PESSOA FÍSICA,Aquisição de veículos - Pré-fixado,20,FINANC ALFA S.A. CFI,1.66,21.83,17167412
2024-09-10,2024-09-16,PESSOA FÍSICA,Aquisição de veículos - Pré-fixado,21,SAFRA CFI S.A.,1.73,22.81,45437547
2024-09-10,2024-09-16,PESSOA FÍSICA,Aquisição de veículos - Pré-fixado,22,BCO DO BRASIL S.A.,1.82,24.18,00000000
2024-09-10,2024-09-16,PESSOA FÍSICA,Aquisição de veículos - Pré-fixado,23,BCO BRASILEIRO DE CRÉDITO S.A.,1.83,24.28,01852137
2024-09-10,2024-09-16,PESSOA FÍSICA,Aquisição de veículos - Pré-fixado,24,BCO C6 S.A.,1.85,24.65,31872495
2024-09-10,2024-09-16,PESSOA FÍSICA,Aquisição de veículos - Pré-fixado,25,PORTOSEG S.A. CFI,1.89,25.12,04862600
2024-09-10,2024-09-16,PESSOA FÍSICA,Aquisição de veículos - Pré-fixado,26,BCO GUANABARA S.A.,1.92,25.67,31880826
2024-09-10,2024-09-16,PESSOA FÍSICA,Aquisição de veículos - Pré-fixado,27,ITAÚ UNIBANCO HOLDING S.A.,1.95,26.03,60872504
2024-09-10,2024-09-16,PESSOA FÍSICA,Aquisição de veículos - Pré-fixado,28,CAIXA ECONOMICA FEDERAL,1.96,26.27,00360305
2024-09-10,2024-09-16,PESSOA FÍSICA,Aquisição de veículos - Pré-fixado,29,AYMORÉ CFI S.A.,1.97,26.31,07707650
2024-09-10,2024-09-16,PESSOA FÍSICA,Aquisição de veículos - Pré-fixado,30,BCO BRADESCO FINANC. S.A.,1.97,26.33,07207996
2024-09-10,2024-09-16,PESSOA FÍSICA,Aquisição de veículos - Pré-fixado,31,BCO SANTANDER (BRASIL) S.A.,1.98,26.57,90400888
2024-09-10,2024-09-16,PESSOA FÍSICA,Aquisição de veículos - Pré-fixado,32,SINOSSERRA S/A - SCFI,2.07,27.83,22639377
2024-09-10,2024-09-16,PESSOA FÍSICA,Aquisição de veículos - Pré-fixado,33,BCO VOTORANTIM S.A.,2.13,28.7,59588111
2024-09-10,2024-09-16,PESSOA FÍSICA,Aquisição de veículos - Pré-fixado,34,BANCO BTG PACTUAL S.A.,2.24,30.41,30306294
2024-09-10,2024-09-16,PESSOA FÍSICA,Aquisição de veículos - Pré-fixado,35,BCO HONDA S.A.,2.25,30.57,03634220
2024-09-10,2024-09-16,PESSOA FÍSICA,Aquisição de veículos - Pré-fixado,36,BCO YAMAHA MOTOR S.A.,2.49,34.32,10371492
2024-09-10,2024-09-16,PESSOA FÍSICA,Aquisição de veículos - Pré-fixado,37,BCO DIGIMAIS S.A.,2.58,35.82,92874270
2024-09-10,2024-09-16,PESSOA FÍSICA,Aquisição de veículos - Pré-fixado,38,FINAMAX S.A. CFI,2.81,39.47,00411939
2024-09-10,2024-09-16,PESSOA FÍSICA,Aquisição de veículos - Pré-fixado,39,SIMPALA S.A. CFI,2.84,39.98,34991938
2024-09-10,2024-09-16,PESSOA FÍSICA,Aquisição de veículos - Pré-fixado,40,BCO DAYCOVAL S.A,2.99,42.33,62232889
2024-09-10,2024-09-16,PESSOA FÍSICA,Aquisição de veículos - Pré-fixado,41,BANCO PAN,3.02,42.93,59285411
2024-09-10,2024-09-16,PESSOA FÍSICA,Aquisição de veículos - Pré-fixado,42,OMNI SA CFI,3.26,46.91,92228410
2024-09-09,2024-09-13,PESSOA FÍSICA,Aquisição de veículos - Pré-fixado,1,BMW FINANCEIRA S.A. - CFI,0.7,8.72,04452473
2024-09-09,2024-09-13,PESSOA FÍSICA,Aquisição de veículos - Pré-fixado,2,BCO GM S.A.,1.09,13.83,59274605
2024-09-09,2024-09-13,PESSOA FÍSICA,Aquisição de veículos - Pré-fixado,3,BCO MERCEDES-BENZ S.A.,1.09,13.95,60814191
2024-09-09,2024-09-13,PESSOA FÍSICA,Aquisição de veículos - Pré-fixado,4,BCO DA AMAZONIA S.A.,1.1,13.99,04902979
2024-09-09,2024-09-13,PESSOA FÍSICA,Aquisição de veículos - Pré-fixado,5,BCO VOLVO BRASIL S.A.,1.15,14.74,58017179
2024-09-09,2024-09-13,PESSOA FÍSICA,Aquisição de veículos - Pré-fixado,6,BANCO CNH INDUSTRIAL CAPITAL S.A,1.15,14.77,02992446
2024-09-09,2024-09-13,PESSOA FÍSICA,Aquisição de veículos - Pré-fixado,7,STELLANTIS FINANCIAMENTOS CFI,1.16,14.9,03502961
2024-09-09,2024-09-13,PESSOA FÍSICA,Aquisição de veículos - Pré-fixado,8,BCO RCI BRASIL S.A.,1.18,15.09,62307848
2024-09-09,2024-09-13,PESSOA FÍSICA,Aquisição de veículos - Pré-fixado,9,SCANIA BCO S.A.,1.22,15.66,11417016
2024-09-09,2024-09-13,PESSOA FÍSICA,Aquisição de veículos - Pré-fixado,10,BCO PACCAR S.A.,1.26,16.2,28517628
2024-09-09,2024-09-13,PESSOA FÍSICA,Aquisição de veículos - Pré-fixado,11,BCO VOLKSWAGEN S.A,1.38,17.88,59109165
2024-09-09,2024-09-13,PESSOA FÍSICA,Aquisição de veículos - Pré-fixado,12,BCO SAFRA S.A.,1.4,18.1,58160789
2024-09-09,2024-09-13,PESSOA FÍSICA,Aquisição de veículos - Pré-fixado,13,BCO. J.SAFRA S.A.,1.47,19.18,03017677
2024-09-09,2024-09-13,PESSOA FÍSICA,Aquisição de veículos - Pré-fixado,14,BCO RODOBENS S.A.,1.56,20.43,33603457
2024-09-09,2024-09-13,PESSOA FÍSICA,Aquisição de veículos - Pré-fixado,15,BCO BRADESCO S.A.,1.57,20.6,60746948
2024-09-09,2024-09-13,PESSOA FÍSICA,Aquisição de veículos - Pré-fixado,16,BANCO MONEO S.A.,1.59,20.81,07441209
2024-09-09,2024-09-13,PESSOA FÍSICA,Aquisição de veículos - Pré-fixado,17,BCO TOYOTA DO BRASIL S.A.,1.63,21.47,03215790
2024-09-09,2024-09-13,PESSOA FÍSICA,Aquisição de veículos - Pré-fixado,18,BCO BANESTES S.A.,1.64,21.48,28127603
2024-09-09,2024-09-13,PESSOA FÍSICA,Aquisição de veículos - Pré-fixado,19,BANCO HYUNDAI CAPITAL BRASIL,1.66,21.83,30172491
2024-09-09,2024-09-13,PESSOA FÍSICA,Aquisição de veículos - Pré-fixado,20,FINANC ALFA S.A. CFI,1.69,22.3,17167412
2024-09-09,2024-09-13,PESSOA FÍSICA,Aquisição de veículos - Pré-fixado,21,SAFRA CFI S.A.,1.72,22.76,45437547
2024-09-09,2024-09-13,PESSOA FÍSICA,Aquisição de veículos - Pré-fixado,22,BCO DO BRASIL S.A.,1.8,23.84,00000000
2024-09-09,2024-09-13,PESSOA FÍSICA,Aquisição de veículos - Pré-fixado,23,BCO BRASILEIRO DE CRÉDITO S.A.,1.83,24.28,01852137
2024-09-09,2024-09-13,PESSOA FÍSICA,Aquisição de veículos - Pré-fixado,24,BCO C6 S.A.,1.86,24.8,31872495
2024-09-09,2024-09-13,PESSOA FÍSICA,Aquisição de veículos - Pré-fixado,25,PORTOSEG S.A. CFI,1.87,24.9,04862600
2024-09-09,2024-09-13,PESSOA FÍSICA,Aquisição de veículos - Pré-fixado,26,ITAÚ UNIBANCO HOLDING S.A.,1.95,26.02,60872504
2024-09-09,2024-09-13,PESSOA FÍSICA,Aquisição de veículos - Pré-fixado,27,AYMORÉ CFI S.A.,1.97,26.36,07707650
2024-09-09,2024-09-13,PESSOA FÍSICA,Aquisição de veículos - Pré-fixado,28,BCO BRADESCO FINANC. S.A.,1.97,26.43,07207996
2024-09-09,2024-09-13,PESSOA FÍSICA,Aquisição de veículos - Pré-fixado,29,BCO SANTANDER (BRASIL) S.A.,1.98,26.57,90400888
2024-09-09,2024-09-13,PESSOA FÍSICA,Aquisição de veículos - Pré-fixado,30,SINOSSERRA S/A - SCFI,2.03,27.2,22639377
2024-09-09,2024-09-13,PESSOA FÍSICA,Aquisição de veículos - Pré-fixado,31,CAIXA ECONOMICA FEDERAL,2.04,27.48,00360305
2024-09-09,2024-09-13,PESSOA FÍSICA,Aquisição de veículos - Pré-fixado,32,BCO VOTORANTIM S.A.,2.12,28.69,59588111
2024-09-09,2024-09-13,PESSOA FÍSICA,Aquisição de veículos - Pré-fixado,33,BANCO BTG PACTUAL S.A.,2.2,29.89,30306294
2024-09-09,2024-09-13,PESSOA FÍSICA,Aquisição de veículos - Pré-fixado,34,BCO HONDA S.A.,2.27,30.85,03634220
2024-09-09,2024-09-13,PESSOA FÍSICA,Aquisição de veículos - Pré-fixado,35,BCO YAMAHA MOTOR S.A.,2.52,34.77,10371492
2024-09-09,2024-09-13,PESSOA FÍSICA,Aquisição de veículos - Pré-fixado,36,BCO DIGIMAIS S.A.,2.58,35.77,92874270
2024-09-09,2024-09-13,PESSOA FÍSICA,Aquisição de veículos - Pré-fixado,37,FINAMAX S.A. CFI,2.76,38.62,00411939
2024-09-09,2024-09-13,PESSOA FÍSICA,Aquisição de veículos - Pré-fixado,38,SIMPALA S.A. CFI,2.86,40.24,34991938
2024-09-09,2024-09-13,PESSOA FÍSICA,Aquisição de veículos - Pré-fixado,39,BCO DAYCOVAL S.A,2.99,42.41,62232889
2024-09-09,2024-09-13,PESSOA FÍSICA,Aquisição de veículos - Pré-fixado,40,BANCO PAN,3.03,43.04,59285411
2024-09-09,2024-09-13,PESSOA FÍSICA,Aquisição de veículos - Pré-fixado,41,OMNI SA CFI,3.29,47.46,92228410
2024-09-06,2024-09-12,PESSOA FÍSICA,Aquisição de veículos - Pré-fixado,1,BMW FINANCEIRA S.A. - CFI,0.68,8.5,04452473
2024-09-06,2024-09-12,PESSOA FÍSICA,Aquisição de veículos - Pré-fixado,2,BCO GM S.A.,1.08,13.81,59274605
2024-09-06,2024-09-12,PESSOA FÍSICA,Aquisição de veículos - Pré-fixado,3,BCO MERCEDES-BENZ S.A.,1.09,13.95,60814191
2024-09-06,2024-09-12,PESSOA FÍSICA,Aquisição de veículos - Pré-fixado,4,BCO DA AMAZONIA S.A.,1.11,14.12,04902979
2024-09-06,2024-09-12,PESSOA FÍSICA,Aquisição de veículos - Pré-fixado,5,STELLANTIS FINANCIAMENTOS CFI,1.14,14.52,03502961
2024-09-06,2024-09-12,PESSOA FÍSICA,Aquisição de veículos - Pré-fixado,6,BANCO CNH INDUSTRIAL CAPITAL S.A,1.14,14.63,02992446
2024-09-06,2024-09-12,PESSOA FÍSICA,Aquisição de veículos - Pré-fixado,7,BCO RCI BRASIL S.A.,1.17,14.96,62307848
2024-09-06,2024-09-12,PESSOA FÍSICA,Aquisição de veículos - Pré-fixado,8,SCANIA BCO S.A.,1.22,15.68,11417016
2024-09-06,2024-09-12,PESSOA FÍSICA,Aquisição de veículos - Pré-fixado,9,BCO PACCAR S.A.,1.28,16.42,28517628
2024-09-06,2024-09-12,PESSOA FÍSICA,Aquisição de veículos - Pré-fixado,10,BCO VOLKSWAGEN S.A,1.36,17.63,59109165
2024-09-06,2024-09-12,PESSOA FÍSICA,Aquisição de veículos - Pré-fixado,11,BCO SAFRA S.A.,1.44,18.67,58160789
2024-09-06,2024-09-12,PESSOA FÍSICA,Aquisição de veículos - Pré-fixado,12,BCO. J.SAFRA S.A.,1.47,19.18,03017677
2024-09-06,2024-09-12,PESSOA FÍSICA,Aquisição de veículos - Pré-fixado,13,BCO RODOBENS S.A.,1.55,20.27,33603457
2024-09-06,2024-09-12,PESSOA FÍSICA,Aquisição de veículos - Pré-fixado,14,BCO BRADESCO S.A.,1.58,20.63,60746948
2024-09-06,2024-09-12,PESSOA FÍSICA,Aquisição de veículos - Pré-fixado,15,BANCO MONEO S.A.,1.63,21.47,07441209
2024-09-06,2024-09-12,PESSOA FÍSICA,Aquisição de veículos - Pré-fixado,16,BANCO HYUNDAI CAPITAL BRASIL,1.65,21.67,30172491
2024-09-06,2024-09-12,PESSOA FÍSICA,Aquisição de veículos - Pré-fixado,17,BCO TOYOTA DO BRASIL S.A.,1.65,21.76,03215790
2024-09-06,2024-09-12,PESSOA FÍSICA,Aquisição de veículos - Pré-fixado,18,FINANC ALFA S.A. CFI,1.67,21.99,17167412
2024-09-06,2024-09-12,PESSOA FÍSICA,Aquisição de veículos - Pré-fixado,19,SAFRA CFI S.A.,1.73,22.91,45437547
2024-09-06,2024-09-12,PESSOA FÍSICA,Aquisição de veículos - Pré-fixado,20,BCO BANESTES S.A.,1.75,23.08,28127603
2024-09-06,2024-09-12,PESSOA FÍSICA,Aquisição de veículos - Pré-fixado,21,BCO DO BRASIL S.A.,1.81,23.96,00000000
2024-09-06,2024-09-12,PESSOA FÍSICA,Aquisição de veículos - Pré-fixado,22,BCO BRASILEIRO DE CRÉDITO S.A.,1.82,24.18,01852137
2024-09-06,2024-09-12,PESSOA FÍSICA,Aquisição de veículos - Pré-fixado,23,BCO C6 S.A.,1.87,24.88,31872495
2024-09-06,2024-09-12,PESSOA FÍSICA,Aquisição de veículos - Pré-fixado,24,PORTOSEG S.A. CFI,1.88,24.99,04862600
2024-09-06,2024-09-12,PESSOA FÍSICA,Aquisição de veículos - Pré-fixado,25,SINOSSERRA S/A - SCFI,1.93,25.79,22639377
2024-09-06,2024-09-12,PESSOA FÍSICA,Aquisição de veículos - Pré-fixado,26,ITAÚ UNIBANCO HOLDING S.A.,1.94,25.98,60872504
2024-09-06,2024-09-12,PESSOA FÍSICA,Aquisição de veículos - Pré-fixado,27,CAIXA ECONOMICA FEDERAL,1.95,26.08,00360305
2024-09-06,2024-09-12,PESSOA FÍSICA,Aquisição de veículos - Pré-fixado,28,AYMORÉ CFI S.A.,1.97,26.41,07707650
2024-09-06,2024-09-12,PESSOA FÍSICA,Aquisição de veículos - Pré-fixado,29,BCO BRADESCO FINANC. S.A.,1.99,26.65,07207996
2024-09-06,2024-09-12,PESSOA FÍSICA,Aquisição de veículos - Pré-fixado,30,BCO SENFF S.A.,2.01,27.04,11970623
2024-09-06,2024-09-12,PESSOA FÍSICA,Aquisição de veículos - Pré-fixado,31,BANCO BTG PACTUAL S.A.,2.12,28.6,30306294
2024-09-06,2024-09-12,PESSOA FÍSICA,Aquisição de veículos - Pré-fixado,32,BCO VOTORANTIM S.A.,2.12,28.68,59588111
2024-09-06,2024-09-12,PESSOA FÍSICA,Aquisição de veículos - Pré-fixado,33,BCO HONDA S.A.,2.27,30.94,03634220
2024-09-06,2024-09-12,PESSOA FÍSICA,Aquisição de veículos - Pré-fixado,34,BCO SANTANDER (BRASIL) S.A.,2.48,34.1,90400888
2024-09-06,2024-09-12,PESSOA FÍSICA,Aquisição de veículos - Pré-fixado,35,BCO YAMAHA MOTOR S.A.,2.53,34.91,10371492
2024-09-06,2024-09-12,PESSOA FÍSICA,Aquisição de veículos - Pré-fixado,36,BCO DIGIMAIS S.A.,2.6,35.99,92874270
2024-09-06,2024-09-12,PESSOA FÍSICA,Aquisição de veículos - Pré-fixado,37,FINAMAX S.A. CFI,2.78,39.01,00411939
2024-09-06,2024-09-12,PESSOA FÍSICA,Aquisição de veículos - Pré-fixado,38,SIMPALA S.A. CFI,2.88,40.62,34991938
2024-09-06,2024-09-12,PESSOA FÍSICA,Aquisição de veículos - Pré-fixado,39,BCO DAYCOVAL S.A,3.0,42.54,62232889
2024-09-06,2024-09-12,PESSOA FÍSICA,Aquisição de veículos - Pré-fixado,40,BANCO PAN,3.02,42.94,59285411
2024-09-06,2024-09-12,PESSOA FÍSICA,Aquisição de veículos - Pré-fixado,41,OMNI SA CFI,3.29,47.38,92228410
2024-09-05,2024-09-11,PESSOA FÍSICA,Aquisição de veículos - Pré-fixado,1,BMW FINANCEIRA S.A. - CFI,0.64,7.89,04452473
2024-09-05,2024-09-11,PESSOA FÍSICA,Aquisição de veículos - Pré-fixado,2,BCO MERCEDES-BENZ S.A.,1.0,12.68,60814191
2024-09-05,2024-09-11,PESSOA FÍSICA,Aquisição de veículos - Pré-fixado,3,BCO GM S.A.,1.09,13.95,59274605
2024-09-05,2024-09-11,PESSOA FÍSICA,Aquisição de veículos - Pré-fixado,4,STELLANTIS FINANCIAMENTOS CFI,1.11,14.13,03502961
2024-09-05,2024-09-11,PESSOA FÍSICA,Aquisição de veículos - Pré-fixado,5,BCO DA AMAZONIA S.A.,1.11,14.18,04902979
2024-09-05,2024-09-11,PESSOA FÍSICA,Aquisição de veículos - Pré-fixado,6,BANCO CNH INDUSTRIAL CAPITAL S.A,1.14,14.56,02992446
2024-09-05,2024-09-11,PESSOA FÍSICA,Aquisição de veículos - Pré-fixado,7,BCO RCI BRASIL S.A.,1.15,14.67,62307848
2024-09-05,2024-09-11,PESSOA FÍSICA,Aquisição de veículos - Pré-fixado,8,SCANIA BCO S.A.,1.23,15.77,11417016
2024-09-05,2024-09-11,PESSOA FÍSICA,Aquisição de veículos - Pré-fixado,9,BCO PACCAR S.A.,1.28,16.42,28517628
2024-09-05,2024-09-11,PESSOA FÍSICA,Aquisição de veículos - Pré-fixado,10,BCO VOLKSWAGEN S.A,1.37,17.67,59109165
2024-09-05,2024-09-11,PESSOA FÍSICA,Aquisição de veículos - Pré-fixado,11,BCO SAFRA S.A.,1.46,18.97,58160789
2024-09-05,2024-09-11,PESSOA FÍSICA,Aquisição de veículos - Pré-fixado,12,BANCO INTER,1.51,19.65,00416968
2024-09-05,2024-09-11,PESSOA FÍSICA,Aquisição de veículos - Pré-fixado,13,BANCO MONEO S.A.,1.52,19.78,07441209
2024-09-05,2024-09-11,PESSOA FÍSICA,Aquisição de veículos - Pré-fixado,14,BCO RODOBENS S.A.,1.55,20.21,33603457
2024-09-05,2024-09-11,PESSOA FÍSICA,Aquisição de veículos - Pré-fixado,15,BCO BRADESCO S.A.,1.58,20.66,60746948
2024-09-05,2024-09-11,PESSOA FÍSICA,Aquisição de veículos - Pré-fixado,16,FINANC ALFA S.A. CFI,1.63,21.35,17167412
2024-09-05,2024-09-11,PESSOA FÍSICA,Aquisição de veículos - Pré-fixado,17,BANCO HYUNDAI CAPITAL BRASIL,1.63,21.43,30172491
2024-09-05,2024-09-11,PESSOA FÍSICA,Aquisição de veículos - Pré-fixado,18,BCO TOYOTA DO BRASIL S.A.,1.66,21.8,03215790
2024-09-05,2024-09-11,PESSOA FÍSICA,Aquisição de veículos - Pré-fixado,19,BCO SANTANDER (BRASIL) S.A.,1.7,22.39,90400888
2024-09-05,2024-09-11,PESSOA FÍSICA,Aquisição de veículos - Pré-fixado,20,BCO. J.SAFRA S.A.,1.71,22.51,03017677
2024-09-05,2024-09-11,PESSOA FÍSICA,Aquisição de veículos - Pré-fixado,21,SAFRA CFI S.A.,1.73,22.88,45437547
2024-09-05,2024-09-11,PESSOA FÍSICA,Aquisição de veículos - Pré-fixado,22,BCO BANESTES S.A.,1.83,24.25,28127603
2024-09-05,2024-09-11,PESSOA FÍSICA,Aquisição de veículos - Pré-fixado,23,BCO BRASILEIRO DE CRÉDITO S.A.,1.83,24.3,01852137
2024-09-05,2024-09-11,PESSOA FÍSICA,Aquisição de veículos - Pré-fixado,24,BCO DO BRASIL S.A.,1.84,24.45,00000000
2024-09-05,2024-09-11,PESSOA FÍSICA,Aquisição de veículos - Pré-fixado,25,BCO C6 S.A.,1.87,24.9,31872495
2024-09-05,2024-09-11,PESSOA FÍSICA,Aquisição de veículos - Pré-fixado,26,PORTOSEG S.A. CFI,1.88,24.99,04862600
2024-09-05,2024-09-11,PESSOA FÍSICA,Aquisição de veículos - Pré-fixado,27,CAIXA ECONOMICA FEDERAL,1.91,25.56,00360305
2024-09-05,2024-09-11,PESSOA FÍSICA,Aquisição de veículos - Pré-fixado,28,ITAÚ UNIBANCO HOLDING S.A.,1.94,25.93,60872504
2024-09-05,2024-09-11,PESSOA FÍSICA,Aquisição de veículos - Pré-fixado,29,AYMORÉ CFI S.A.,1.98,26.49,07707650
2024-09-05,2024-09-11,PESSOA FÍSICA,Aquisição de veículos - Pré-fixado,30,BCO BRADESCO FINANC. S.A.,1.98,26.52,07207996
2024-09-05,2024-09-11,PESSOA FÍSICA,Aquisição de veículos - Pré-fixado,31,SINOSSERRA S/A - SCFI,1.99,26.6,22639377
2024-09-05,2024-09-11,PESSOA FÍSICA,Aquisição de veículos - Pré-fixado,32,BCO SENFF S.A.,2.01,27.04,11970623
2024-09-05,2024-09-11,PESSOA FÍSICA,Aquisição de veículos - Pré-fixado,33,BANCO BTG PACTUAL S.A.,2.09,28.2,30306294
2024-09-05,2024-09-11,PESSOA FÍSICA,Aquisição de veículos - Pré-fixado,34,BCO VOTORANTIM S.A.,2.12,28.68,59588111
2024-09-05,2024-09-11,PESSOA FÍSICA,Aquisição de veículos - Pré-fixado,35,BCO HONDA S.A.,2.28,31.05,03634220
2024-09-05,2024-09-11,PESSOA FÍSICA,Aquisição de veículos - Pré-fixado,36,BCO YAMAHA MOTOR S.A.,2.54,35.13,10371492
2024-09-05,2024-09-11,PESSOA FÍSICA,Aquisição de veículos - Pré-fixado,37,BCO DIGIMAIS S.A.,2.6,36.13,92874270
2024-09-05,2024-09-11,PESSOA FÍSICA,Aquisição de veículos - Pré-fixado,38,FINAMAX S.A. CFI,2.84,40.0,00411939
2024-09-05,2024-09-11,PESSOA FÍSICA,Aquisição de veículos - Pré-fixado,39,SIMPALA S.A. CFI,2.86,40.34,34991938
2024-09-05,2024-09-11,PESSOA FÍSICA,Aquisição de veículos - Pré-fixado,40,BCO DAYCOVAL S.A,3.01,42.68,62232889
2024-09-05,2024-09-11,PESSOA FÍSICA,Aquisição de veículos - Pré-fixado,41,BANCO PAN,3.01,42.79,59285411
2024-09-05,2024-09-11,PESSOA FÍSICA,Aquisição de veículos - Pré-fixado,42,OMNI SA CFI,3.29,47.41,92228410
2024-09-04,2024-09-10,PESSOA FÍSICA,Aquisição de veículos - Pré-fixado,1,BMW FINANCEIRA S.A. - CFI,0.65,8.07,04452473
2024-09-04,2024-09-10,PESSOA FÍSICA,Aquisição de veículos - Pré-fixado,2,BCO MERCEDES-BENZ S.A.,0.9,11.32,60814191
2024-09-04,2024-09-10,PESSOA FÍSICA,Aquisição de veículos - Pré-fixado,3,BCO GM S.A.,1.06,13.54,59274605
2024-09-04,2024-09-10,PESSOA FÍSICA,Aquisição de veículos - Pré-fixado,4,STELLANTIS FINANCIAMENTOS CFI,1.08,13.73,03502961
2024-09-04,2024-09-10,PESSOA FÍSICA,Aquisição de veículos - Pré-fixado,5,BCO DA AMAZONIA S.A.,1.12,14.31,04902979
2024-09-04,2024-09-10,PESSOA FÍSICA,Aquisição de veículos - Pré-fixado,6,BANCO CNH INDUSTRIAL CAPITAL S.A,1.15,14.69,02992446
2024-09-04,2024-09-10,PESSOA FÍSICA,Aquisição de veículos - Pré-fixado,7,BCO RCI BRASIL S.A.,1.15,14.72,62307848
2024-09-04,2024-09-10,PESSOA FÍSICA,Aquisição de veículos - Pré-fixado,8,SCANIA BCO S.A.,1.23,15.85,11417016
2024-09-04,2024-09-10,PESSOA FÍSICA,Aquisição de veículos - Pré-fixado,9,BCO PACCAR S.A.,1.29,16.58,28517628
2024-09-04,2024-09-10,PESSOA FÍSICA,Aquisição de veículos - Pré-fixado,10,BCO VOLVO BRASIL S.A.,1.31,16.84,58017179
2024-09-04,2024-09-10,PESSOA FÍSICA,Aquisição de veículos - Pré-fixado,11,BCO VOLKSWAGEN S.A,1.37,17.68,59109165
2024-09-04,2024-09-10,PESSOA FÍSICA,Aquisição de veículos - Pré-fixado,12,BCO SAFRA S.A.,1.5,19.61,58160789
2024-09-04,2024-09-10,PESSOA FÍSICA,Aquisição de veículos - Pré-fixado,13,BANCO INTER,1.52,19.84,00416968
2024-09-04,2024-09-10,PESSOA FÍSICA,Aquisição de veículos - Pré-fixado,14,BCO RODOBENS S.A.,1.52,19.9,33603457
2024-09-04,2024-09-10,PESSOA FÍSICA,Aquisição de veículos - Pré-fixado,15,BCO BRADESCO S.A.,1.58,20.74,60746948
2024-09-04,2024-09-10,PESSOA FÍSICA,Aquisição de veículos - Pré-fixado,16,BANCO HYUNDAI CAPITAL BRASIL,1.6,20.91,30172491
2024-09-04,2024-09-10,PESSOA FÍSICA,Aquisição de veículos - Pré-fixado,17,BCO BANESTES S.A.,1.63,21.37,28127603
2024-09-04,2024-09-10,PESSOA FÍSICA,Aquisição de veículos - Pré-fixado,18,FINANC ALFA S.A. CFI,1.64,21.51,17167412
2024-09-04,2024-09-10,PESSOA FÍSICA,Aquisição de veículos - Pré-fixado,19,BCO TOYOTA DO BRASIL S.A.,1.66,21.79,03215790
2024-09-04,2024-09-10,PESSOA FÍSICA,Aquisição de veículos - Pré-fixado,20,BCO. J.SAFRA S.A.,1.71,22.51,03017677
2024-09-04,2024-09-10,PESSOA FÍSICA,Aquisição de veículos - Pré-fixado,21,BCO SANTANDER (BRASIL) S.A.,1.72,22.68,90400888
2024-09-04,2024-09-10,PESSOA FÍSICA,Aquisição de veículos - Pré-fixado,22,SAFRA CFI S.A.,1.73,22.85,45437547
2024-09-04,2024-09-10,PESSOA FÍSICA,Aquisição de veículos - Pré-fixado,23,BCO BRASILEIRO DE CRÉDITO S.A.,1.82,24.2,01852137
2024-09-04,2024-09-10,PESSOA FÍSICA,Aquisição de veículos - Pré-fixado,24,BCO C6 S.A.,1.88,24.99,31872495
2024-09-04,2024-09-10,PESSOA FÍSICA,Aquisição de veículos - Pré-fixado,25,PORTOSEG S.A. CFI,1.88,25.0,04862600
2024-09-04,2024-09-10,PESSOA FÍSICA,Aquisição de veículos - Pré-fixado,26,BCO DO BRASIL S.A.,1.88,25.01,00000000
2024-09-04,2024-09-10,PESSOA FÍSICA,Aquisição de veículos - Pré-fixado,27,CAIXA ECONOMICA FEDERAL,1.91,25.52,00360305
2024-09-04,2024-09-10,PESSOA FÍSICA,Aquisição de veículos - Pré-fixado,28,ITAÚ UNIBANCO HOLDING S.A.,1.94,25.91,60872504
2024-09-04,2024-09-10,PESSOA FÍSICA,Aquisição de veículos - Pré-fixado,29,BCO BRADESCO FINANC. S.A.,1.96,26.29,07207996
2024-09-04,2024-09-10,PESSOA FÍSICA,Aquisição de veículos - Pré-fixado,30,AYMORÉ CFI S.A.,1.98,26.46,07707650
2024-09-04,2024-09-10,PESSOA FÍSICA,Aquisição de veículos - Pré-fixado,31,SINOSSERRA S/A - SCFI,1.99,26.65,22639377
2024-09-04,2024-09-10,PESSOA FÍSICA,Aquisição de veículos - Pré-fixado,32,BCO SENFF S.A.,2.01,27.04,11970623
2024-09-04,2024-09-10,PESSOA FÍSICA,Aquisição de veículos - Pré-fixado,33,BANCO BTG PACTUAL S.A.,2.1,28.34,30306294
2024-09-04,2024-09-10,PESSOA FÍSICA,Aquisição de veículos - Pré-fixado,34,BCO VOTORANTIM S.A.,2.12,28.69,59588111
2024-09-04,2024-09-10,PESSOA FÍSICA,Aquisição de veículos - Pré-fixado,35,BCO HONDA S.A.,2.24,30.5,03634220
2024-09-04,2024-09-10,PESSOA FÍSICA,Aquisição de veículos - Pré-fixado,36,BCO YAMAHA MOTOR S.A.,2.54,35.13,10371492
2024-09-04,2024-09-10,PESSOA FÍSICA,Aquisição de veículos - Pré-fixado,37,BCO DIGIMAIS S.A.,2.61,36.19,92874270
2024-09-04,2024-09-10,PESSOA FÍSICA,Aquisição de veículos - Pré-fixado,38,FINAMAX S.A. CFI,2.82,39.63,00411939
2024-09-04,2024-09-10,PESSOA FÍSICA,Aquisição de veículos - Pré-fixado,39,SIMPALA S.A. CFI,2.87,40.37,34991938
2024-09-04,2024-09-10,PESSOA FÍSICA,Aquisição de veículos - Pré-fixado,40,BCO DAYCOVAL S.A,3.01,42.69,62232889
2024-09-04,2024-09-10,PESSOA FÍSICA,Aquisição de veículos - Pré-fixado,41,BANCO PAN,3.01,42.74,59285411
2024-09-04,2024-09-10,PESSOA FÍSICA,Aquisição de veículos - Pré-fixado,42,OMNI SA CFI,3.3,47.65,92228410
2024-09-03,2024-09-09,PESSOA FÍSICA,Aquisição de veículos - Pré-fixado,1,BMW FINANCEIRA S.A. - CFI,0.64,7.95,04452473
2024-09-03,2024-09-09,PESSOA FÍSICA,Aquisição de veículos - Pré-fixado,2,BCO MERCEDES-BENZ S.A.,0.97,12.3,60814191
2024-09-03,2024-09-09,PESSOA FÍSICA,Aquisição de veículos - Pré-fixado,3,BCO GM S.A.,1.02,12.93,59274605
2024-09-03,2024-09-09,PESSOA FÍSICA,Aquisição de veículos - Pré-fixado,4,STELLANTIS FINANCIAMENTOS CFI,1.06,13.51,03502961
2024-09-03,2024-09-09,PESSOA FÍSICA,Aquisição de veículos - Pré-fixado,5,BCO DA AMAZONIA S.A.,1.12,14.27,04902979
2024-09-03,2024-09-09,PESSOA FÍSICA,Aquisição de veículos - Pré-fixado,6,BCO RCI BRASIL S.A.,1.15,14.67,62307848
2024-09-03,2024-09-09,PESSOA FÍSICA,Aquisição de veículos - Pré-fixado,7,BANCO CNH INDUSTRIAL CAPITAL S.A,1.15,14.7,02992446
2024-09-03,2024-09-09,PESSOA FÍSICA,Aquisição de veículos - Pré-fixado,8,SCANIA BCO S.A.,1.24,15.89,11417016
2024-09-03,2024-09-09,PESSOA FÍSICA,Aquisição de veículos - Pré-fixado,9,BCO VOLVO BRASIL S.A.,1.31,16.84,58017179
2024-09-03,2024-09-09,PESSOA FÍSICA,Aquisição de veículos - Pré-fixado,10,BCO PACCAR S.A.,1.32,16.98,28517628
2024-09-03,2024-09-09,PESSOA FÍSICA,Aquisição de veículos - Pré-fixado,11,BCO VOLKSWAGEN S.A,1.36,17.64,59109165
2024-09-03,2024-09-09,PESSOA FÍSICA,Aquisição de veículos - Pré-fixado,12,BANCO INTER,1.37,17.72,00416968
2024-09-03,2024-09-09,PESSOA FÍSICA,Aquisição de veículos - Pré-fixado,13,BCO SAFRA S.A.,1.51,19.71,58160789
2024-09-03,2024-09-09,PESSOA FÍSICA,Aquisição de veículos - Pré-fixado,14,BCO RODOBENS S.A.,1.52,19.78,33603457
2024-09-03,2024-09-09,PESSOA FÍSICA,Aquisição de veículos - Pré-fixado,15,BANCO HYUNDAI CAPITAL BRASIL,1.56,20.47,30172491
2024-09-03,2024-09-09,PESSOA FÍSICA,Aquisição de veículos - Pré-fixado,16,BCO BRADESCO S.A.,1.58,20.68,60746948
2024-09-03,2024-09-09,PESSOA FÍSICA,Aquisição de veículos - Pré-fixado,17,BCO BANESTES S.A.,1.64,21.5,28127603
2024-09-03,2024-09-09,PESSOA FÍSICA,Aquisição de veículos - Pré-fixado,18,FINANC ALFA S.A. CFI,1.65,21.62,17167412
2024-09-03,2024-09-09,PESSOA FÍSICA,Aquisição de veículos - Pré-fixado,19,BCO TOYOTA DO BRASIL S.A.,1.65,21.64,03215790
2024-09-03,2024-09-09,PESSOA FÍSICA,Aquisição de veículos - Pré-fixado,20,BCO SANTANDER (BRASIL) S.A.,1.7,22.48,90400888
2024-09-03,2024-09-09,PESSOA FÍSICA,Aquisição de veículos - Pré-fixado,21,BCO. J.SAFRA S.A.,1.71,22.51,03017677
2024-09-03,2024-09-09,PESSOA FÍSICA,Aquisição de veículos - Pré-fixado,22,SAFRA CFI S.A.,1.73,22.8,45437547
2024-09-03,2024-09-09,PESSOA FÍSICA,Aquisição de veículos - Pré-fixado,23,BANCO MONEO S.A.,1.76,23.29,07441209
2024-09-03,2024-09-09,PESSOA FÍSICA,Aquisição de veículos - Pré-fixado,24,BCO BRASILEIRO DE CRÉDITO S.A.,1.82,24.21,01852137
2024-09-03,2024-09-09,PESSOA FÍSICA,Aquisição de veículos - Pré-fixado,25,BCO C6 S.A.,1.87,24.93,31872495
2024-09-03,2024-09-09,PESSOA FÍSICA,Aquisição de veículos - Pré-fixado,26,BCO DO BRASIL S.A.,1.88,25.09,00000000
2024-09-03,2024-09-09,PESSOA FÍSICA,Aquisição de veículos - Pré-fixado,27,CAIXA ECONOMICA FEDERAL,1.88,25.11,00360305
2024-09-03,2024-09-09,PESSOA FÍSICA,Aquisição de veículos - Pré-fixado,28,PORTOSEG S.A. CFI,1.9,25.32,04862600
2024-09-03,2024-09-09,PESSOA FÍSICA,Aquisição de veículos - Pré-fixado,29,ITAÚ UNIBANCO HOLDING S.A.,1.93,25.77,60872504
2024-09-03,2024-09-09,PESSOA FÍSICA,Aquisição de veículos - Pré-fixado,30,SINOSSERRA S/A - SCFI,1.94,25.92,22639377
2024-09-03,2024-09-09,PESSOA FÍSICA,Aquisição de veículos - Pré-fixado,31,BCO BRADESCO FINANC. S.A.,1.95,26.13,07207996
2024-09-03,2024-09-09,PESSOA FÍSICA,Aquisição de veículos - Pré-fixado,32,AYMORÉ CFI S.A.,1.97,26.39,07707650
2024-09-03,2024-09-09,PESSOA FÍSICA,Aquisição de veículos - Pré-fixado,33,BCO SENFF S.A.,2.01,27.04,11970623
2024-09-03,2024-09-09,PESSOA FÍSICA,Aquisição de veículos - Pré-fixado,34,BANCO BTG PACTUAL S.A.,2.1,28.29,30306294
2024-09-03,2024-09-09,PESSOA FÍSICA,Aquisição de veículos - Pré-fixado,35,BCO VOTORANTIM S.A.,2.12,28.59,59588111
2024-09-03,2024-09-09,PESSOA FÍSICA,Aquisição de veículos - Pré-fixado,36,BRB - CFI S/A,2.14,28.95,33136888
2024-09-03,2024-09-09,PESSOA FÍSICA,Aquisição de veículos - Pré-fixado,37,BCO HONDA S.A.,2.23,30.23,03634220
2024-09-03,2024-09-09,PESSOA FÍSICA,Aquisição de veículos - Pré-fixado,38,BCO YAMAHA MOTOR S.A.,2.52,34.87,10371492
2024-09-03,2024-09-09,PESSOA FÍSICA,Aquisição de veículos - Pré-fixado,39,BCO DIGIMAIS S.A.,2.62,36.4,92874270
2024-09-03,2024-09-09,PESSOA FÍSICA,Aquisição de veículos - Pré-fixado,40,FINAMAX S.A. CFI,2.82,39.53,00411939
2024-09-03,2024-09-09,PESSOA FÍSICA,Aquisição de veículos - Pré-fixado,41,SIMPALA S.A. CFI,2.84,39.92,34991938
2024-09-03,2024-09-09,PESSOA FÍSICA,Aquisição de veículos - Pré-fixado,42,BCO DAYCOVAL S.A,3.0,42.64,62232889
2024-09-03,2024-09-09,PESSOA FÍSICA,Aquisição de veículos - Pré-fixado,43,BANCO PAN,3.01,42.77,59285411
2024-09-03,2024-09-09,PESSOA FÍSICA,Aquisição de veículos - Pré-fixado,44,OMNI SA CFI,3.28,47.28,92228410
2024-09-02,2024-09-06,PESSOA FÍSICA,Aquisição de veículos - Pré-fixado,1,BMW FINANCEIRA S.A. - CFI,0.62,7.71,04452473
2024-09-02,2024-09-06,PESSOA FÍSICA,Aquisição de veículos - Pré-fixado,2,BCO MERCEDES-BENZ S.A.,0.98,12.47,60814191
2024-09-02,2024-09-06,PESSOA FÍSICA,Aquisição de veículos - Pré-fixado,3,BCO GM S.A.,1.0,12.73,59274605
2024-09-02,2024-09-06,PESSOA FÍSICA,Aquisição de veículos - Pré-fixado,4,STELLANTIS FINANCIAMENTOS CFI,1.06,13.44,03502961
2024-09-02,2024-09-06,PESSOA FÍSICA,Aquisição de veículos - Pré-fixado,5,BCO DA AMAZONIA S.A.,1.12,14.24,04902979
2024-09-02,2024-09-06,PESSOA FÍSICA,Aquisição de veículos - Pré-fixado,6,BCO RCI BRASIL S.A.,1.15,14.68,62307848
2024-09-02,2024-09-06,PESSOA FÍSICA,Aquisição de veículos - Pré-fixado,7,BANCO CNH INDUSTRIAL CAPITAL S.A,1.15,14.75,02992446
2024-09-02,2024-09-06,PESSOA FÍSICA,Aquisição de veículos - Pré-fixado,8,SCANIA BCO S.A.,1.23,15.84,11417016
2024-09-02,2024-09-06,PESSOA FÍSICA,Aquisição de veículos - Pré-fixado,9,BCO VOLVO BRASIL S.A.,1.31,16.96,58017179
2024-09-02,2024-09-06,PESSOA FÍSICA,Aquisição de veículos - Pré-fixado,10,BCO PACCAR S.A.,1.32,16.98,28517628
2024-09-02,2024-09-06,PESSOA FÍSICA,Aquisição de veículos - Pré-fixado,11,BCO VOLKSWAGEN S.A,1.33,17.15,59109165
2024-09-02,2024-09-06,PESSOA FÍSICA,Aquisição de veículos - Pré-fixado,12,BANCO INTER,1.34,17.36,00416968
2024-09-02,2024-09-06,PESSOA FÍSICA,Aquisição de veículos - Pré-fixado,13,BCO SAFRA S.A.,1.48,19.3,58160789
2024-09-02,2024-09-06,PESSOA FÍSICA,Aquisição de veículos - Pré-fixado,14,BCO RODOBENS S.A.,1.52,19.83,33603457
2024-09-02,2024-09-06,PESSOA FÍSICA,Aquisição de veículos - Pré-fixado,15,BANCO HYUNDAI CAPITAL BRASIL,1.56,20.34,30172491
2024-09-02,2024-09-06,PESSOA FÍSICA,Aquisição de veículos - Pré-fixado,16,BCO BRADESCO S.A.,1.58,20.64,60746948
2024-09-02,2024-09-06,PESSOA FÍSICA,Aquisição de veículos - Pré-fixado,17,BCO BANESTES S.A.,1.6,20.91,28127603
2024-09-02,2024-09-06,PESSOA FÍSICA,Aquisição de veículos - Pré-fixado,18,FINANC ALFA S.A. CFI,1.63,21.47,17167412
2024-09-02,2024-09-06,PESSOA FÍSICA,Aquisição de veículos - Pré-fixado,19,BCO TOYOTA DO BRASIL S.A.,1.64,21.5,03215790
2024-09-02,2024-09-06,PESSOA FÍSICA,Aquisição de veículos - Pré-fixado,20,SAFRA CFI S.A.,1.72,22.66,45437547
2024-09-02,2024-09-06,PESSOA FÍSICA,Aquisição de veículos - Pré-fixado,21,CAIXA ECONOMICA FEDERAL,1.75,23.15,00360305
2024-09-02,2024-09-06,PESSOA FÍSICA,Aquisição de veículos - Pré-fixado,22,BANCO MONEO S.A.,1.76,23.29,07441209
2024-09-02,2024-09-06,PESSOA FÍSICA,Aquisição de veículos - Pré-fixado,23,BCO BRASILEIRO DE CRÉDITO S.A.,1.82,24.1,01852137
2024-09-02,2024-09-06,PESSOA FÍSICA,Aquisição de veículos - Pré-fixado,24,BCO C6 S.A.,1.85,24.6,31872495
2024-09-02,2024-09-06,PESSOA FÍSICA,Aquisição de veículos - Pré-fixado,25,BCO DO BRASIL S.A.,1.87,24.93,00000000
2024-09-02,2024-09-06,PESSOA FÍSICA,Aquisição de veículos - Pré-fixado,26,ITAÚ UNIBANCO HOLDING S.A.,1.9,25.4,60872504
2024-09-02,2024-09-06,PESSOA FÍSICA,Aquisição de veículos - Pré-fixado,27,PORTOSEG S.A. CFI,1.9,25.41,04862600
2024-09-02,2024-09-06,PESSOA FÍSICA,Aquisição de veículos - Pré-fixado,28,BCO BRADESCO FINANC. S.A.,1.94,25.86,07207996
2024-09-02,2024-09-06,PESSOA FÍSICA,Aquisição de veículos - Pré-fixado,29,AYMORÉ CFI S.A.,1.94,25.92,07707650
2024-09-02,2024-09-06,PESSOA FÍSICA,Aquisição de veículos - Pré-fixado,30,BCO SANTANDER (BRASIL) S.A.,1.98,26.51,90400888
2024-09-02,2024-09-06,PESSOA FÍSICA,Aquisição de veículos - Pré-fixado,31,SINOSSERRA S/A - SCFI,1.99,26.68,22639377
2024-09-02,2024-09-06,PESSOA FÍSICA,Aquisição de veículos - Pré-fixado,32,BCO SENFF S.A.,2.01,27.04,11970623
2024-09-02,2024-09-06,PESSOA FÍSICA,Aquisição de veículos - Pré-fixado,33,BANCO BTG PACTUAL S.A.,2.07,27.83,30306294
2024-09-02,2024-09-06,PESSOA FÍSICA,Aquisição de veículos - Pré-fixado,34,BCO VOTORANTIM S.A.,2.1,28.38,59588111
2024-09-02,2024-09-06,PESSOA FÍSICA,Aquisição de veículos - Pré-fixado,35,BRB - CFI S/A,2.14,28.95,33136888
2024-09-02,2024-09-06,PESSOA FÍSICA,Aquisição de veículos - Pré-fixado,36,BCO HONDA S.A.,2.16,29.26,03634220
2024-09-02,2024-09-06,PESSOA FÍSICA,Aquisição de veículos - Pré-fixado,37,BCO YAMAHA MOTOR S.A.,2.51,34.61,10371492
2024-09-02,2024-09-06,PESSOA FÍSICA,Aquisição de veículos - Pré-fixado,38,BCO DIGIMAIS S.A.,2.63,36.55,92874270
2024-09-02,2024-09-06,PESSOA FÍSICA,Aquisição de veículos - Pré-fixado,39,FINAMAX S.A. CFI,2.83,39.71,00411939
2024-09-02,2024-09-06,PESSOA FÍSICA,Aquisição de veículos - Pré-fixado,40,SIMPALA S.A. CFI,2.92,41.22,34991938
2024-09-02,2024-09-06,PESSOA FÍSICA,Aquisição de veículos - Pré-fixado,41,BANCO PAN,3.0,42.5,59285411
2024-09-02,2024-09-06,PESSOA FÍSICA,Aquisição de veículos - Pré-fixado,42,BCO DAYCOVAL S.A,3.0,42.64,62232889
2024-09-02,2024-09-06,PESSOA FÍSICA,Aquisição de veículos - Pré-fixado,43,OMNI SA CFI,3.28,47.28,92228410
